cbsa,YEAR,alcohol
10100,2012,3
10140,2012,7
10180,2012,14
10220,2012,4
10300,2012,8
10420,2012,60
10460,2012,1
10500,2012,18
10540,2012,3
10580,2012,122
10620,2012,2
10660,2012,6
10700,2012,12
10740,2012,36
10760,2012,NA
10780,2012,3
10820,2012,9
10860,2012,6
10900,2012,114
10940,2012,4
10980,2012,3
11020,2012,18
11060,2012,2
11100,2012,28
11140,2012,3
11180,2012,5
11220,2012,9
11260,2012,48
11380,2012,NA
11420,2012,5
11460,2012,39
11500,2012,5
11540,2012,6
11580,2012,2
11620,2012,7
11660,2012,4
11680,2012,10
11700,2012,33
11740,2012,2
11780,2012,3
11820,2012,9
11860,2012,2
11900,2012,6
11940,2012,NA
11980,2012,16
12020,2012,14
12060,2012,403
12100,2012,58
12120,2012,NA
12140,2012,3
12180,2012,7
12220,2012,7
12260,2012,51
12300,2012,2
12380,2012,7
12420,2012,159
12460,2012,2
12540,2012,45
12580,2012,641
12620,2012,4
12660,2012,5
12680,2012,11
12700,2012,80
12740,2012,11
12780,2012,5
12820,2012,NA
12860,2012,6
12900,2012,NA
12940,2012,15
12980,2012,13
13020,2012,10
13060,2012,6
13100,2012,4
13140,2012,37
13180,2012,3
13220,2012,2
13260,2012,3
13300,2012,2
13340,2012,3
13380,2012,21
13420,2012,9
13460,2012,10
13500,2012,2
13540,2012,9
13620,2012,8
13660,2012,5
13700,2012,4
13720,2012,4
13740,2012,13
13780,2012,34
13820,2012,88
13900,2012,4
13940,2012,1
13980,2012,6
14010,2012,12
14020,2012,16
14100,2012,13
14140,2012,8
14180,2012,4
14220,2012,NA
14260,2012,32
14300,2012,NA
14340,2012,NA
14380,2012,4
14420,2012,3
14460,2012,814
14500,2012,67
14540,2012,17
14580,2012,6
14620,2012,10
14660,2012,24
14700,2012,7
14720,2012,17
14740,2012,11
14780,2012,2
14820,2012,2
14860,2012,168
15020,2012,NA
15060,2012,2
15100,2012,1
15140,2012,NA
15180,2012,34
15220,2012,4
15260,2012,22
15340,2012,4
15380,2012,124
15420,2012,2
15460,2012,NA
15500,2012,7
15540,2012,47
15580,2012,2
15620,2012,4
15660,2012,5
15680,2012,26
15700,2012,3
15740,2012,3
15780,2012,7
15820,2012,NA
15860,2012,11
15900,2012,3
15940,2012,30
15980,2012,35
16020,2012,4
16060,2012,18
16100,2012,NA
16140,2012,NA
16180,2012,8
16220,2012,15
16260,2012,1
16300,2012,8
16340,2012,2
16380,2012,2
16420,2012,NA
16460,2012,6
16500,2012,7
16540,2012,14
16580,2012,22
16620,2012,3
16660,2012,7
16700,2012,65
16740,2012,121
16820,2012,22
16860,2012,46
16940,2012,11
16980,2012,1076
17020,2012,22
17060,2012,5
17140,2012,175
17200,2012,32
17220,2012,2
17260,2012,4
17300,2012,35
17340,2012,6
17380,2012,8
17420,2012,3
17460,2012,132
17500,2012,1
17540,2012,NA
17580,2012,NA
17660,2012,14
17700,2012,10
17740,2012,4
17780,2012,16
17820,2012,127
17860,2012,8
17900,2012,62
17980,2012,38
18020,2012,2
18060,2012,9
18100,2012,2
18140,2012,128
18180,2012,10
18220,2012,2
18260,2012,11
18300,2012,4
18380,2012,4
18420,2012,NA
18460,2012,1
18500,2012,11
18580,2012,36
18620,2012,3
18660,2012,5
18700,2012,4
18740,2012,5
18780,2012,7
18820,2012,4
18860,2012,3
18880,2012,34
18900,2012,3
18980,2012,4
19000,2012,1
19060,2012,11
19100,2012,472
19140,2012,8
19180,2012,12
19220,2012,4
19260,2012,7
19300,2012,25
19340,2012,18
19380,2012,94
19420,2012,NA
19460,2012,8
19500,2012,9
19540,2012,4
19580,2012,1
19620,2012,7
19660,2012,43
19700,2012,1
19740,2012,594
19760,2012,NA
19780,2012,23
19820,2012,960
19860,2012,7
19940,2012,2
19980,2012,4
20020,2012,12
20060,2012,3
20100,2012,39
20140,2012,13
20180,2012,15
20220,2012,2
20260,2012,66
20300,2012,3
20340,2012,7
20380,2012,3
20420,2012,20
20460,2012,NA
20500,2012,32
20540,2012,3
20580,2012,3
20660,2012,6
20700,2012,19
20740,2012,2
20780,2012,27
20820,2012,9
20900,2012,2
20940,2012,7
20980,2012,7
21020,2012,6
21060,2012,13
21120,2012,3
21140,2012,9
21180,2012,2
21220,2012,4
21260,2012,4
21300,2012,6
21340,2012,52
21380,2012,12
21420,2012,10
21460,2012,3
21500,2012,44
21540,2012,1
21580,2012,5
21640,2012,NA
21660,2012,16
21700,2012,12
21740,2012,5
21780,2012,33
21820,2012,7
21840,2012,NA
21860,2012,NA
21900,2012,2
21980,2012,1
22020,2012,29
22060,2012,8
22100,2012,3
22140,2012,6
22180,2012,14
22220,2012,31
22260,2012,11
22280,2012,4
22300,2012,5
22340,2012,3
22380,2012,9
22420,2012,78
22500,2012,26
22520,2012,22
22540,2012,6
22580,2012,2
22620,2012,5
22660,2012,67
22700,2012,2
22780,2012,1
22800,2012,NA
22820,2012,6
22840,2012,NA
22860,2012,2
22900,2012,27
23060,2012,49
23140,2012,6
23180,2012,8
23240,2012,7
23300,2012,4
23340,2012,5
23380,2012,3
23420,2012,89
23460,2012,8
23500,2012,4
23540,2012,26
23580,2012,18
23620,2012,4
23660,2012,3
23700,2012,7
23780,2012,12
23820,2012,7
23860,2012,7
23900,2012,6
23940,2012,7
23980,2012,NA
24020,2012,25
24060,2012,30
24100,2012,7
24140,2012,5
24220,2012,14
24260,2012,2
24300,2012,33
24330,2012,NA
24340,2012,97
24380,2012,2
24420,2012,4
24460,2012,6
24500,2012,7
24540,2012,57
24580,2012,18
24620,2012,6
24640,2012,13
24660,2012,42
24700,2012,3
24740,2012,3
24780,2012,11
24820,2012,5
24860,2012,58
24900,2012,5
24940,2012,5
24980,2012,2
25060,2012,57
25100,2012,2
25180,2012,38
25200,2012,3
25220,2012,1
25260,2012,6
25300,2012,NA
25420,2012,72
25460,2012,4
25500,2012,7
25540,2012,281
25580,2012,1
25620,2012,29
25700,2012,11
25720,2012,1
25740,2012,6
25760,2012,3
25780,2012,2
25820,2012,2
25840,2012,4
25860,2012,16
25880,2012,2
25900,2012,3
25940,2012,24
25980,2012,4
26020,2012,4
26090,2012,13
26140,2012,10
26220,2012,4
26260,2012,NA
26300,2012,27
26340,2012,5
26380,2012,1
26420,2012,372
26460,2012,14
26500,2012,8
26540,2012,5
26580,2012,21
26620,2012,33
26660,2012,6
26700,2012,NA
26740,2012,10
26780,2012,7
26820,2012,5
26860,2012,12
26900,2012,256
26940,2012,3
26960,2012,6
26980,2012,7
27020,2012,2
27060,2012,13
27100,2012,23
27140,2012,53
27160,2012,2
27180,2012,12
27220,2012,5
27260,2012,87
27300,2012,1
27340,2012,7
27380,2012,3
27420,2012,4
27460,2012,17
27500,2012,11
27540,2012,8
27600,2012,3
27620,2012,5
27660,2012,NA
27700,2012,5
27740,2012,12
27780,2012,38
27860,2012,6
27900,2012,18
27920,2012,7
27940,2012,5
27980,2012,4
28020,2012,49
28060,2012,9
28100,2012,13
28140,2012,232
28180,2012,3
28260,2012,4
28300,2012,9
28340,2012,6
28380,2012,3
28420,2012,16
28500,2012,9
28540,2012,3
28580,2012,15
28620,2012,10
28660,2012,29
28700,2012,20
28740,2012,35
28780,2012,2
28820,2012,3
28860,2012,2
28900,2012,2
28940,2012,70
29020,2012,14
29060,2012,4
29100,2012,5
29180,2012,8
29200,2012,21
29260,2012,1
29300,2012,6
29340,2012,5
29380,2012,5
29420,2012,2
29460,2012,36
29500,2012,1
29540,2012,45
29620,2012,40
29660,2012,4
29700,2012,18
29740,2012,5
29780,2012,1
29820,2012,77
29860,2012,10
29900,2012,1
29940,2012,28
29980,2012,3
30020,2012,10
30060,2012,5
30140,2012,15
30220,2012,1
30260,2012,7
30280,2012,2
30300,2012,2
30340,2012,5
30380,2012,6
30420,2012,4
30460,2012,45
30580,2012,5
30620,2012,6
30660,2012,1
30700,2012,17
30780,2012,80
30820,2012,5
30860,2012,3
30880,2012,1
30900,2012,5
30940,2012,2
30980,2012,31
31020,2012,5
31060,2012,NA
31080,2012,1398
31140,2012,165
31180,2012,38
31220,2012,2
31260,2012,2
31300,2012,6
31340,2012,12
31380,2012,3
31420,2012,30
31460,2012,13
31500,2012,7
31540,2012,61
31580,2012,8
31620,2012,NA
31660,2012,6
31680,2012,NA
31700,2012,20
31740,2012,18
31820,2012,4
31860,2012,13
31900,2012,10
31930,2012,4
31940,2012,4
31980,2012,9
32000,2012,1
32020,2012,3
32100,2012,7
32140,2012,8
32180,2012,1
32220,2012,3
32260,2012,2
32280,2012,NA
32300,2012,3
32340,2012,NA
32380,2012,2
32460,2012,NA
32500,2012,2
32540,2012,3
32580,2012,37
32620,2012,8
32660,2012,NA
32700,2012,5
32740,2012,14
32780,2012,15
32820,2012,151
32860,2012,3
32900,2012,16
32940,2012,16
32980,2012,3
33020,2012,1
33060,2012,2
33100,2012,436
33140,2012,15
33180,2012,NA
33220,2012,7
33260,2012,14
33300,2012,7
33340,2012,136
33420,2012,6
33460,2012,496
33500,2012,5
33540,2012,5
33580,2012,NA
33620,2012,3
33660,2012,39
33700,2012,40
33740,2012,11
33780,2012,23
33860,2012,23
33940,2012,12
33980,2012,6
34020,2012,NA
34060,2012,3
34100,2012,5
34140,2012,4
34180,2012,4
34220,2012,4
34260,2012,12
34300,2012,1
34340,2012,4
34380,2012,10
34420,2012,4
34460,2012,3
34500,2012,5
34540,2012,4
34580,2012,9
34620,2012,17
34660,2012,NA
34700,2012,1
34740,2012,18
34780,2012,4
34820,2012,55
34860,2012,8
34900,2012,50
34940,2012,19
34980,2012,183
35020,2012,5
35060,2012,4
35100,2012,11
35140,2012,2
35220,2012,8
35260,2012,12
35300,2012,168
35380,2012,28
35420,2012,16
35440,2012,10
35460,2012,3
35500,2012,1
35580,2012,4
35620,2012,3246
35660,2012,27
35700,2012,2
35740,2012,5
35820,2012,7
35840,2012,55
35860,2012,5
35900,2012,3
35940,2012,5
35980,2012,68
36020,2012,7
36100,2012,13
36140,2012,26
36220,2012,19
36260,2012,7
36300,2012,18
36340,2012,9
36380,2012,5
36420,2012,128
36460,2012,13
36500,2012,15
36540,2012,34
36580,2012,11
36620,2012,3
36660,2012,NA
36700,2012,5
36740,2012,142
36780,2012,5
36820,2012,2
36830,2012,2
36840,2012,7
36860,2012,14
36900,2012,1
36940,2012,9
36980,2012,12
37020,2012,4
37060,2012,13
37080,2012,3
37100,2012,122
37120,2012,3
37140,2012,13
37220,2012,1
37260,2012,4
37300,2012,2
37340,2012,42
37420,2012,5
37460,2012,26
37500,2012,5
37540,2012,7
37580,2012,3
37620,2012,2
37660,2012,6
37740,2012,2
37780,2012,1
37800,2012,NA
37860,2012,27
37900,2012,25
37940,2012,3
37980,2012,813
38060,2012,128
38100,2012,NA
38180,2012,2
38220,2012,17
38240,2012,5
38260,2012,9
38300,2012,383
38340,2012,38
38380,2012,4
38420,2012,6
38460,2012,13
38500,2012,5
38540,2012,6
38580,2012,4
38620,2012,6
38700,2012,4
38740,2012,2
38780,2012,1
38820,2012,5
38840,2012,2
38860,2012,20
38900,2012,124
38920,2012,2
38940,2012,36
39020,2012,2
39060,2012,32
39140,2012,13
39220,2012,2
39260,2012,1
39300,2012,331
39340,2012,6
39380,2012,37
39420,2012,4
39460,2012,12
39500,2012,NA
39540,2012,16
39580,2012,54
39660,2012,8
39700,2012,NA
39740,2012,52
39780,2012,1
39820,2012,9
39860,2012,12
39900,2012,33
39940,2012,NA
39980,2012,14
40060,2012,73
40080,2012,12
40100,2012,8
40140,2012,351
40180,2012,6
40220,2012,15
40260,2012,10
40300,2012,5
40340,2012,38
40380,2012,127
40420,2012,27
40460,2012,2
40540,2012,6
40580,2012,15
40620,2012,4
40660,2012,14
40700,2012,9
40740,2012,1
40760,2012,NA
40780,2012,1
40820,2012,3
40860,2012,13
40900,2012,158
40940,2012,1
40980,2012,30
41060,2012,34
41100,2012,3
41140,2012,3
41180,2012,147
41220,2012,4
41260,2012,NA
41400,2012,10
41420,2012,15
41460,2012,12
41500,2012,43
41540,2012,85
41620,2012,21
41660,2012,10
41700,2012,164
41740,2012,351
41760,2012,4
41780,2012,6
41820,2012,2
41860,2012,430
41940,2012,174
42020,2012,55
42100,2012,37
42140,2012,13
42200,2012,81
42220,2012,65
42300,2012,2
42340,2012,49
42380,2012,10
42420,2012,3
42460,2012,5
42540,2012,115
42620,2012,1
42660,2012,220
42680,2012,10
42700,2012,3
42740,2012,3
42780,2012,3
42820,2012,2
42860,2012,5
42900,2012,6
42940,2012,7
42980,2012,6
43020,2012,NA
43060,2012,5
43100,2012,6
43140,2012,3
43180,2012,2
43220,2012,3
43260,2012,5
43300,2012,10
43320,2012,3
43340,2012,49
43380,2012,7
43420,2012,6
43460,2012,2
43500,2012,3
43580,2012,11
43620,2012,19
43660,2012,4
43700,2012,NA
43740,2012,11
43760,2012,1
43780,2012,27
43900,2012,22
43940,2012,5
43980,2012,3
44020,2012,3
44060,2012,33
44100,2012,15
44140,2012,143
44180,2012,26
44220,2012,17
44260,2012,8
44300,2012,22
44340,2012,1
44420,2012,8
44460,2012,11
44500,2012,1
44540,2012,3
44580,2012,7
44620,2012,4
44660,2012,7
44700,2012,51
44740,2012,1
44780,2012,3
44860,2012,1
44900,2012,NA
44920,2012,4
44940,2012,7
44980,2012,14
45000,2012,NA
45020,2012,3
45060,2012,57
45140,2012,5
45180,2012,4
45220,2012,29
45300,2012,180
45340,2012,4
45380,2012,2
45460,2012,21
45500,2012,17
45520,2012,2
45540,2012,3
45580,2012,1
45620,2012,5
45660,2012,4
45700,2012,NA
45740,2012,2
45780,2012,30
45820,2012,54
45860,2012,50
45900,2012,21
45940,2012,64
45980,2012,3
46020,2012,9
46060,2012,30
46100,2012,12
46140,2012,90
46180,2012,18
46220,2012,13
46300,2012,7
46340,2012,5
46380,2012,12
46460,2012,4
46500,2012,3
46520,2012,43
46540,2012,29
46620,2012,2
46660,2012,12
46700,2012,28
46740,2012,2
46780,2012,1
46820,2012,2
46860,2012,1
46900,2012,1
46980,2012,7
47020,2012,9
47080,2012,3
47180,2012,6
47220,2012,27
47240,2012,6
47260,2012,87
47300,2012,20
47340,2012,3
47380,2012,13
47420,2012,4
47460,2012,6
47540,2012,1
47580,2012,25
47620,2012,7
47660,2012,4
47700,2012,6
47780,2012,3
47820,2012,6
47900,2012,710
47920,2012,NA
47940,2012,14
47980,2012,4
48020,2012,7
48060,2012,12
48100,2012,NA
48140,2012,1
48180,2012,8
48220,2012,9
48260,2012,7
48300,2012,16
48460,2012,6
48500,2012,NA
48540,2012,8
48580,2012,11
48620,2012,120
48660,2012,8
48700,2012,19
48780,2012,2
48820,2012,7
48900,2012,22
48940,2012,4
48980,2012,7
49020,2012,6
49080,2012,1
49100,2012,10
49180,2012,23
49220,2012,3
49260,2012,1
49300,2012,13
49340,2012,188
49380,2012,6
49420,2012,13
49460,2012,2
49620,2012,45
49660,2012,56
49700,2012,11
49740,2012,11
49780,2012,7
49820,2012,NA
10100,2013,3
10140,2013,4
10180,2013,15
10220,2013,4
10300,2013,9
10420,2013,56
10460,2013,1
10500,2013,19
10540,2013,5
10580,2013,130
10620,2013,2
10660,2013,6
10700,2013,8
10740,2013,35
10760,2013,NA
10780,2013,4
10820,2013,8
10860,2013,6
10900,2013,115
10940,2013,5
10980,2013,3
11020,2013,17
11060,2013,2
11100,2013,28
11140,2013,3
11180,2013,4
11220,2013,9
11260,2013,47
11380,2013,NA
11420,2013,5
11460,2013,44
11500,2013,7
11540,2013,7
11580,2013,NA
11620,2013,7
11660,2013,4
11680,2013,9
11700,2013,38
11740,2013,2
11780,2013,2
11820,2013,9
11860,2013,2
11900,2013,5
11940,2013,NA
11980,2013,14
12020,2013,13
12060,2013,428
12100,2013,57
12120,2013,NA
12140,2013,4
12180,2013,7
12220,2013,6
12260,2013,50
12300,2013,2
12380,2013,6
12420,2013,155
12460,2013,2
12540,2013,50
12580,2013,650
12620,2013,4
12660,2013,3
12680,2013,11
12700,2013,76
12740,2013,11
12780,2013,6
12820,2013,NA
12860,2013,6
12900,2013,NA
12940,2013,14
12980,2013,16
13020,2013,11
13060,2013,7
13100,2013,4
13140,2013,39
13180,2013,2
13220,2013,2
13260,2013,2
13300,2013,2
13340,2013,5
13380,2013,17
13420,2013,9
13460,2013,12
13500,2013,2
13540,2013,9
13620,2013,8
13660,2013,4
13700,2013,4
13720,2013,4
13740,2013,14
13780,2013,34
13820,2013,78
13900,2013,4
13940,2013,1
13980,2013,7
14010,2013,11
14020,2013,14
14100,2013,14
14140,2013,8
14180,2013,4
14220,2013,NA
14260,2013,31
14300,2013,NA
14340,2013,NA
14380,2013,3
14420,2013,3
14460,2013,844
14500,2013,68
14540,2013,18
14580,2013,8
14620,2013,11
14660,2013,23
14700,2013,5
14720,2013,17
14740,2013,8
14780,2013,2
14820,2013,2
14860,2013,172
15020,2013,1
15060,2013,2
15100,2013,1
15140,2013,NA
15180,2013,22
15220,2013,3
15260,2013,23
15340,2013,4
15380,2013,132
15420,2013,2
15460,2013,NA
15500,2013,7
15540,2013,42
15580,2013,2
15620,2013,4
15660,2013,6
15680,2013,28
15700,2013,3
15740,2013,4
15780,2013,8
15820,2013,NA
15860,2013,10
15900,2013,3
15940,2013,29
15980,2013,32
16020,2013,4
16060,2013,17
16100,2013,NA
16140,2013,NA
16180,2013,6
16220,2013,12
16260,2013,1
16300,2013,9
16340,2013,2
16380,2013,2
16420,2013,NA
16460,2013,6
16500,2013,7
16540,2013,14
16580,2013,19
16620,2013,3
16660,2013,7
16700,2013,67
16740,2013,118
16820,2013,20
16860,2013,44
16940,2013,14
16980,2013,1098
17020,2013,21
17060,2013,6
17140,2013,177
17200,2013,33
17220,2013,2
17260,2013,4
17300,2013,38
17340,2013,5
17380,2013,8
17420,2013,1
17460,2013,128
17500,2013,4
17540,2013,1
17580,2013,NA
17660,2013,16
17700,2013,9
17740,2013,5
17780,2013,16
17820,2013,134
17860,2013,8
17900,2013,66
17980,2013,38
18020,2013,2
18060,2013,10
18100,2013,1
18140,2013,129
18180,2013,9
18220,2013,2
18260,2013,9
18300,2013,5
18380,2013,4
18420,2013,6
18460,2013,2
18500,2013,10
18580,2013,38
18620,2013,4
18660,2013,6
18700,2013,5
18740,2013,4
18780,2013,7
18820,2013,3
18860,2013,4
18880,2013,33
18900,2013,3
18980,2013,4
19000,2013,1
19060,2013,11
19100,2013,429
19140,2013,8
19180,2013,13
19220,2013,6
19260,2013,5
19300,2013,27
19340,2013,15
19380,2013,93
19420,2013,NA
19460,2013,9
19500,2013,11
19540,2013,4
19580,2013,1
19620,2013,7
19660,2013,40
19700,2013,1
19740,2013,611
19760,2013,NA
19780,2013,22
19820,2013,957
19860,2013,6
19940,2013,2
19980,2013,5
20020,2013,10
20060,2013,3
20100,2013,39
20140,2013,13
20180,2013,17
20220,2013,2
20260,2013,60
20300,2013,3
20340,2013,8
20380,2013,5
20420,2013,17
20460,2013,NA
20500,2013,31
20540,2013,3
20580,2013,3
20660,2013,6
20700,2013,19
20740,2013,2
20780,2013,27
20820,2013,8
20900,2013,2
20940,2013,8
20980,2013,7
21020,2013,6
21060,2013,14
21120,2013,3
21140,2013,18
21180,2013,1
21220,2013,4
21260,2013,3
21300,2013,6
21340,2013,50
21380,2013,11
21420,2013,11
21460,2013,2
21500,2013,45
21540,2013,1
21580,2013,5
21640,2013,NA
21660,2013,19
21700,2013,15
21740,2013,5
21780,2013,31
21820,2013,8
21840,2013,NA
21860,2013,NA
21900,2013,2
21980,2013,1
22020,2013,29
22060,2013,7
22100,2013,2
22140,2013,4
22180,2013,14
22220,2013,38
22260,2013,12
22280,2013,5
22300,2013,5
22340,2013,4
22380,2013,9
22420,2013,82
22500,2013,22
22520,2013,21
22540,2013,5
22580,2013,2
22620,2013,5
22660,2013,70
22700,2013,2
22780,2013,1
22800,2013,NA
22820,2013,7
22840,2013,NA
22860,2013,2
22900,2013,24
23060,2013,42
23140,2013,6
23180,2013,8
23240,2013,7
23300,2013,5
23340,2013,4
23380,2013,3
23420,2013,91
23460,2013,8
23500,2013,3
23540,2013,25
23580,2013,18
23620,2013,4
23660,2013,3
23700,2013,7
23780,2013,16
23820,2013,8
23860,2013,6
23900,2013,7
23940,2013,8
23980,2013,NA
24020,2013,24
24060,2013,30
24100,2013,9
24140,2013,5
24220,2013,15
24260,2013,2
24300,2013,34
24330,2013,NA
24340,2013,101
24380,2013,2
24420,2013,4
24460,2013,7
24500,2013,7
24540,2013,58
24580,2013,17
24620,2013,6
24640,2013,11
24660,2013,42
24700,2013,3
24740,2013,5
24780,2013,12
24820,2013,5
24860,2013,59
24900,2013,5
24940,2013,6
24980,2013,2
25060,2013,55
25100,2013,3
25180,2013,40
25200,2013,3
25220,2013,1
25260,2013,6
25300,2013,NA
25420,2013,76
25460,2013,8
25500,2013,7
25540,2013,303
25580,2013,2
25620,2013,28
25700,2013,10
25720,2013,1
25740,2013,6
25760,2013,2
25780,2013,2
25820,2013,1
25840,2013,5
25860,2013,16
25880,2013,2
25900,2013,3
25940,2013,23
25980,2013,3
26020,2013,3
26090,2013,15
26140,2013,11
26220,2013,3
26260,2013,NA
26300,2013,28
26340,2013,5
26380,2013,1
26420,2013,382
26460,2013,15
26500,2013,8
26540,2013,5
26580,2013,21
26620,2013,35
26660,2013,7
26700,2013,NA
26740,2013,10
26780,2013,8
26820,2013,5
26860,2013,13
26900,2013,248
26940,2013,3
26960,2013,6
26980,2013,8
27020,2013,2
27060,2013,13
27100,2013,25
27140,2013,53
27160,2013,3
27180,2013,13
27220,2013,4
27260,2013,96
27300,2013,2
27340,2013,7
27380,2013,5
27420,2013,3
27460,2013,16
27500,2013,10
27540,2013,8
27600,2013,3
27620,2013,8
27660,2013,NA
27700,2013,5
27740,2013,17
27780,2013,36
27860,2013,6
27900,2013,18
27920,2013,6
27940,2013,5
27980,2013,6
28020,2013,47
28060,2013,9
28100,2013,12
28140,2013,226
28180,2013,3
28260,2013,4
28300,2013,9
28340,2013,6
28380,2013,3
28420,2013,13
28500,2013,8
28540,2013,2
28580,2013,12
28620,2013,10
28660,2013,31
28700,2013,23
28740,2013,39
28780,2013,2
28820,2013,3
28860,2013,2
28900,2013,2
28940,2013,74
29020,2013,14
29060,2013,4
29100,2013,6
29180,2013,9
29200,2013,17
29260,2013,NA
29300,2013,8
29340,2013,5
29380,2013,3
29420,2013,4
29460,2013,34
29500,2013,2
29540,2013,45
29620,2013,37
29660,2013,4
29700,2013,18
29740,2013,5
29780,2013,1
29820,2013,74
29860,2013,10
29900,2013,1
29940,2013,29
29980,2013,3
30020,2013,12
30060,2013,5
30140,2013,14
30220,2013,1
30260,2013,7
30280,2013,3
30300,2013,2
30340,2013,4
30380,2013,6
30420,2013,5
30460,2013,48
30580,2013,4
30620,2013,7
30660,2013,2
30700,2013,15
30780,2013,85
30820,2013,5
30860,2013,2
30880,2013,1
30900,2013,5
30940,2013,3
30980,2013,24
31020,2013,4
31060,2013,NA
31080,2013,1430
31140,2013,160
31180,2013,34
31220,2013,2
31260,2013,2
31300,2013,7
31340,2013,12
31380,2013,2
31420,2013,33
31460,2013,10
31500,2013,7
31540,2013,56
31580,2013,10
31620,2013,NA
31660,2013,6
31680,2013,NA
31700,2013,21
31740,2013,19
31820,2013,4
31860,2013,12
31900,2013,6
31930,2013,4
31940,2013,4
31980,2013,9
32000,2013,1
32020,2013,3
32100,2013,7
32140,2013,8
32180,2013,NA
32220,2013,3
32260,2013,2
32280,2013,NA
32300,2013,3
32340,2013,NA
32380,2013,2
32460,2013,NA
32500,2013,2
32540,2013,2
32580,2013,29
32620,2013,8
32660,2013,NA
32700,2013,5
32740,2013,15
32780,2013,13
32820,2013,152
32860,2013,3
32900,2013,16
32940,2013,15
32980,2013,2
33020,2013,1
33060,2013,2
33100,2013,451
33140,2013,16
33180,2013,NA
33220,2013,7
33260,2013,14
33300,2013,9
33340,2013,133
33420,2013,8
33460,2013,505
33500,2013,6
33540,2013,6
33580,2013,NA
33620,2013,2
33660,2013,36
33700,2013,44
33740,2013,12
33780,2013,24
33860,2013,23
33940,2013,11
33980,2013,6
34020,2013,NA
34060,2013,3
34100,2013,5
34140,2013,4
34180,2013,3
34220,2013,4
34260,2013,12
34300,2013,1
34340,2013,4
34380,2013,11
34420,2013,3
34460,2013,3
34500,2013,5
34540,2013,5
34580,2013,7
34620,2013,18
34660,2013,4
34700,2013,1
34740,2013,15
34780,2013,4
34820,2013,54
34860,2013,7
34900,2013,48
34940,2013,16
34980,2013,191
35020,2013,5
35060,2013,4
35100,2013,11
35140,2013,2
35220,2013,8
35260,2013,12
35300,2013,187
35380,2013,28
35420,2013,14
35440,2013,9
35460,2013,3
35500,2013,1
35580,2013,4
35620,2013,3415
35660,2013,30
35700,2013,3
35740,2013,3
35820,2013,7
35840,2013,52
35860,2013,4
35900,2013,3
35940,2013,4
35980,2013,66
36020,2013,5
36100,2013,13
36140,2013,25
36220,2013,19
36260,2013,8
36300,2013,16
36340,2013,9
36380,2013,5
36420,2013,130
36460,2013,11
36500,2013,19
36540,2013,41
36580,2013,10
36620,2013,3
36660,2013,NA
36700,2013,7
36740,2013,143
36780,2013,5
36820,2013,2
36830,2013,2
36840,2013,8
36860,2013,13
36900,2013,1
36940,2013,9
36980,2013,11
37020,2013,4
37060,2013,13
37080,2013,3
37100,2013,123
37120,2013,3
37140,2013,13
37220,2013,2
37260,2013,3
37300,2013,3
37340,2013,41
37420,2013,4
37460,2013,24
37500,2013,6
37540,2013,7
37580,2013,3
37620,2013,2
37660,2013,6
37740,2013,3
37780,2013,1
37800,2013,NA
37860,2013,29
37900,2013,27
37940,2013,3
37980,2013,821
38060,2013,121
38100,2013,NA
38180,2013,2
38220,2013,19
38240,2013,5
38260,2013,9
38300,2013,384
38340,2013,38
38380,2013,4
38420,2013,6
38460,2013,16
38500,2013,5
38540,2013,5
38580,2013,4
38620,2013,6
38700,2013,3
38740,2013,1
38780,2013,1
38820,2013,NA
38840,2013,2
38860,2013,17
38900,2013,122
38920,2013,2
38940,2013,40
39020,2013,2
39060,2013,33
39140,2013,10
39220,2013,1
39260,2013,2
39300,2013,329
39340,2013,5
39380,2013,34
39420,2013,2
39460,2013,13
39500,2013,1
39540,2013,19
39580,2013,55
39660,2013,9
39700,2013,NA
39740,2013,54
39780,2013,2
39820,2013,9
39860,2013,14
39900,2013,35
39940,2013,NA
39980,2013,14
40060,2013,73
40080,2013,12
40100,2013,8
40140,2013,364
40180,2013,7
40220,2013,15
40260,2013,10
40300,2013,4
40340,2013,39
40380,2013,126
40420,2013,29
40460,2013,2
40540,2013,6
40580,2013,15
40620,2013,4
40660,2013,13
40700,2013,7
40740,2013,1
40760,2013,NA
40780,2013,1
40820,2013,3
40860,2013,12
40900,2013,162
40940,2013,1
40980,2013,33
41060,2013,38
41100,2013,3
41140,2013,3
41180,2013,161
41220,2013,4
41260,2013,NA
41400,2013,7
41420,2013,15
41460,2013,12
41500,2013,44
41540,2013,92
41620,2013,23
41660,2013,11
41700,2013,167
41740,2013,364
41760,2013,4
41780,2013,7
41820,2013,3
41860,2013,431
41940,2013,169
42020,2013,59
42100,2013,35
42140,2013,13
42200,2013,83
42220,2013,65
42300,2013,2
42340,2013,53
42380,2013,10
42420,2013,3
42460,2013,5
42540,2013,127
42620,2013,1
42660,2013,165
42680,2013,12
42700,2013,3
42740,2013,3
42780,2013,3
42820,2013,3
42860,2013,6
42900,2013,6
42940,2013,6
42980,2013,6
43020,2013,NA
43060,2013,5
43100,2013,6
43140,2013,3
43180,2013,3
43220,2013,1
43260,2013,5
43300,2013,8
43320,2013,3
43340,2013,53
43380,2013,6
43420,2013,6
43460,2013,2
43500,2013,3
43580,2013,11
43620,2013,19
43660,2013,4
43700,2013,4
43740,2013,10
43760,2013,1
43780,2013,28
43900,2013,24
43940,2013,5
43980,2013,1
44020,2013,3
44060,2013,24
44100,2013,17
44140,2013,136
44180,2013,28
44220,2013,18
44260,2013,7
44300,2013,18
44340,2013,1
44420,2013,8
44460,2013,9
44500,2013,1
44540,2013,3
44580,2013,6
44620,2013,5
44660,2013,8
44700,2013,51
44740,2013,1
44780,2013,3
44860,2013,2
44900,2013,NA
44920,2013,3
44940,2013,6
44980,2013,13
45000,2013,NA
45020,2013,4
45060,2013,65
45140,2013,4
45180,2013,4
45220,2013,33
45300,2013,179
45340,2013,4
45380,2013,4
45460,2013,21
45500,2013,17
45520,2013,2
45540,2013,3
45580,2013,1
45620,2013,4
45660,2013,4
45700,2013,1
45740,2013,2
45780,2013,29
45820,2013,54
45860,2013,54
45900,2013,20
45940,2013,71
45980,2013,3
46020,2013,10
46060,2013,29
46100,2013,13
46140,2013,90
46180,2013,21
46220,2013,13
46300,2013,5
46340,2013,5
46380,2013,12
46460,2013,4
46500,2013,4
46520,2013,49
46540,2013,31
46620,2013,2
46660,2013,12
46700,2013,29
46740,2013,2
46780,2013,1
46820,2013,2
46860,2013,1
46900,2013,1
46980,2013,6
47020,2013,8
47080,2013,3
47180,2013,7
47220,2013,29
47240,2013,7
47260,2013,85
47300,2013,23
47340,2013,3
47380,2013,11
47420,2013,4
47460,2013,6
47540,2013,2
47580,2013,28
47620,2013,7
47660,2013,4
47700,2013,5
47780,2013,3
47820,2013,6
47900,2013,722
47920,2013,NA
47940,2013,17
47980,2013,3
48020,2013,7
48060,2013,13
48100,2013,NA
48140,2013,1
48180,2013,8
48220,2013,7
48260,2013,7
48300,2013,10
48460,2013,5
48500,2013,NA
48540,2013,7
48580,2013,12
48620,2013,119
48660,2013,7
48700,2013,18
48780,2013,2
48820,2013,6
48900,2013,22
48940,2013,4
48980,2013,7
49020,2013,7
49080,2013,2
49100,2013,13
49180,2013,24
49220,2013,3
49260,2013,2
49300,2013,15
49340,2013,192
49380,2013,5
49420,2013,8
49460,2013,2
49620,2013,47
49660,2013,49
49700,2013,11
49740,2013,10
49780,2013,8
49820,2013,NA
10100,2014,3
10140,2014,4
10180,2014,14
10220,2014,5
10300,2014,10
10420,2014,53
10460,2014,1
10500,2014,18
10540,2014,4
10580,2014,145
10620,2014,2
10660,2014,6
10700,2014,8
10740,2014,34
10760,2014,NA
10780,2014,7
10820,2014,8
10860,2014,5
10900,2014,115
10940,2014,4
10980,2014,3
11020,2014,17
11060,2014,2
11100,2014,26
11140,2014,4
11180,2014,4
11220,2014,10
11260,2014,48
11380,2014,NA
11420,2014,5
11460,2014,47
11500,2014,6
11540,2014,6
11580,2014,NA
11620,2014,7
11660,2014,4
11680,2014,12
11700,2014,35
11740,2014,3
11780,2014,2
11820,2014,9
11860,2014,2
11900,2014,4
11940,2014,2
11980,2014,12
12020,2014,21
12060,2014,444
12100,2014,55
12120,2014,NA
12140,2014,3
12180,2014,8
12220,2014,5
12260,2014,53
12300,2014,2
12380,2014,7
12420,2014,159
12460,2014,2
12540,2014,54
12580,2014,651
12620,2014,6
12660,2014,3
12680,2014,12
12700,2014,80
12740,2014,10
12780,2014,7
12820,2014,1
12860,2014,7
12900,2014,NA
12940,2014,13
12980,2014,15
13020,2014,12
13060,2014,7
13100,2014,4
13140,2014,38
13180,2014,3
13220,2014,2
13260,2014,2
13300,2014,2
13340,2014,3
13380,2014,17
13420,2014,9
13460,2014,10
13500,2014,2
13540,2014,9
13620,2014,8
13660,2014,4
13700,2014,2
13720,2014,4
13740,2014,14
13780,2014,35
13820,2014,76
13900,2014,6
13940,2014,1
13980,2014,8
14010,2014,10
14020,2014,14
14100,2014,14
14140,2014,8
14180,2014,5
14220,2014,NA
14260,2014,33
14300,2014,NA
14340,2014,NA
14380,2014,4
14420,2014,3
14460,2014,843
14500,2014,66
14540,2014,20
14580,2014,6
14620,2014,12
14660,2014,23
14700,2014,4
14720,2014,18
14740,2014,9
14780,2014,3
14820,2014,2
14860,2014,177
15020,2014,1
15060,2014,2
15100,2014,2
15140,2014,NA
15180,2014,23
15220,2014,4
15260,2014,23
15340,2014,4
15380,2014,143
15420,2014,2
15460,2014,NA
15500,2014,8
15540,2014,42
15580,2014,2
15620,2014,4
15660,2014,6
15680,2014,26
15700,2014,3
15740,2014,4
15780,2014,6
15820,2014,NA
15860,2014,10
15900,2014,3
15940,2014,30
15980,2014,35
16020,2014,4
16060,2014,16
16100,2014,NA
16140,2014,NA
16180,2014,8
16220,2014,13
16260,2014,1
16300,2014,11
16340,2014,2
16380,2014,3
16420,2014,NA
16460,2014,6
16500,2014,5
16540,2014,15
16580,2014,18
16620,2014,2
16660,2014,7
16700,2014,63
16740,2014,124
16820,2014,20
16860,2014,48
16940,2014,14
16980,2014,1086
17020,2014,23
17060,2014,7
17140,2014,177
17200,2014,34
17220,2014,2
17260,2014,4
17300,2014,40
17340,2014,4
17380,2014,7
17420,2014,1
17460,2014,129
17500,2014,2
17540,2014,1
17580,2014,NA
17660,2014,15
17700,2014,8
17740,2014,4
17780,2014,16
17820,2014,136
17860,2014,8
17900,2014,68
17980,2014,40
18020,2014,9
18060,2014,10
18100,2014,1
18140,2014,123
18180,2014,10
18220,2014,2
18260,2014,10
18300,2014,6
18380,2014,4
18420,2014,7
18460,2014,2
18500,2014,9
18580,2014,38
18620,2014,3
18660,2014,6
18700,2014,5
18740,2014,4
18780,2014,7
18820,2014,3
18860,2014,3
18880,2014,31
18900,2014,4
18980,2014,3
19000,2014,1
19060,2014,10
19100,2014,439
19140,2014,9
19180,2014,11
19220,2014,6
19260,2014,5
19300,2014,28
19340,2014,15
19380,2014,97
19420,2014,NA
19460,2014,8
19500,2014,11
19540,2014,4
19580,2014,1
19620,2014,7
19660,2014,36
19700,2014,1
19740,2014,630
19760,2014,NA
19780,2014,21
19820,2014,964
19860,2014,7
19940,2014,2
19980,2014,5
20020,2014,11
20060,2014,3
20100,2014,44
20140,2014,13
20180,2014,17
20220,2014,2
20260,2014,56
20300,2014,2
20340,2014,8
20380,2014,4
20420,2014,19
20460,2014,1
20500,2014,33
20540,2014,5
20580,2014,3
20660,2014,6
20700,2014,20
20740,2014,3
20780,2014,24
20820,2014,8
20900,2014,3
20940,2014,10
20980,2014,8
21020,2014,6
21060,2014,14
21120,2014,4
21140,2014,16
21180,2014,1
21220,2014,3
21260,2014,2
21300,2014,5
21340,2014,52
21380,2014,10
21420,2014,13
21460,2014,3
21500,2014,47
21540,2014,NA
21580,2014,4
21640,2014,NA
21660,2014,21
21700,2014,16
21740,2014,4
21780,2014,29
21820,2014,9
21840,2014,NA
21860,2014,NA
21900,2014,2
21980,2014,NA
22020,2014,30
22060,2014,7
22100,2014,2
22140,2014,3
22180,2014,14
22220,2014,42
22260,2014,12
22280,2014,4
22300,2014,4
22340,2014,3
22380,2014,10
22420,2014,82
22500,2014,23
22520,2014,21
22540,2014,7
22580,2014,2
22620,2014,5
22660,2014,69
22700,2014,2
22780,2014,1
22800,2014,NA
22820,2014,8
22840,2014,NA
22860,2014,2
22900,2014,25
23060,2014,41
23140,2014,7
23180,2014,8
23240,2014,10
23300,2014,5
23340,2014,2
23380,2014,3
23420,2014,93
23460,2014,10
23500,2014,3
23540,2014,25
23580,2014,20
23620,2014,6
23660,2014,2
23700,2014,7
23780,2014,12
23820,2014,7
23860,2014,6
23900,2014,8
23940,2014,7
23980,2014,NA
24020,2014,23
24060,2014,31
24100,2014,8
24140,2014,5
24220,2014,14
24260,2014,2
24300,2014,31
24330,2014,NA
24340,2014,96
24380,2014,2
24420,2014,4
24460,2014,7
24500,2014,5
24540,2014,58
24580,2014,17
24620,2014,6
24640,2014,11
24660,2014,43
24700,2014,3
24740,2014,6
24780,2014,11
24820,2014,4
24860,2014,59
24900,2014,5
24940,2014,7
24980,2014,2
25060,2014,54
25100,2014,3
25180,2014,39
25200,2014,3
25220,2014,1
25260,2014,7
25300,2014,NA
25420,2014,74
25460,2014,6
25500,2014,7
25540,2014,304
25580,2014,2
25620,2014,29
25700,2014,10
25720,2014,1
25740,2014,6
25760,2014,2
25780,2014,1
25820,2014,1
25840,2014,6
25860,2014,15
25880,2014,2
25900,2014,3
25940,2014,22
25980,2014,3
26020,2014,3
26090,2014,15
26140,2014,12
26220,2014,3
26260,2014,NA
26300,2014,25
26340,2014,5
26380,2014,2
26420,2014,385
26460,2014,16
26500,2014,8
26540,2014,5
26580,2014,21
26620,2014,34
26660,2014,7
26700,2014,NA
26740,2014,13
26780,2014,6
26820,2014,5
26860,2014,15
26900,2014,260
26940,2014,4
26960,2014,5
26980,2014,9
27020,2014,2
27060,2014,16
27100,2014,23
27140,2014,54
27160,2014,3
27180,2014,13
27220,2014,4
27260,2014,106
27300,2014,3
27340,2014,8
27380,2014,4
27420,2014,3
27460,2014,14
27500,2014,10
27540,2014,8
27600,2014,4
27620,2014,6
27660,2014,NA
27700,2014,5
27740,2014,16
27780,2014,36
27860,2014,6
27900,2014,18
27920,2014,5
27940,2014,5
27980,2014,5
28020,2014,46
28060,2014,9
28100,2014,11
28140,2014,236
28180,2014,3
28260,2014,3
28300,2014,9
28340,2014,6
28380,2014,3
28420,2014,13
28500,2014,7
28540,2014,1
28580,2014,12
28620,2014,10
28660,2014,31
28700,2014,24
28740,2014,41
28780,2014,2
28820,2014,3
28860,2014,2
28900,2014,3
28940,2014,79
29020,2014,13
29060,2014,4
29100,2014,6
29180,2014,8
29200,2014,21
29260,2014,NA
29300,2014,6
29340,2014,5
29380,2014,3
29420,2014,5
29460,2014,34
29500,2014,2
29540,2014,44
29620,2014,40
29660,2014,6
29700,2014,14
29740,2014,7
29780,2014,1
29820,2014,77
29860,2014,10
29900,2014,1
29940,2014,29
29980,2014,3
30020,2014,14
30060,2014,4
30140,2014,15
30220,2014,2
30260,2014,7
30280,2014,4
30300,2014,2
30340,2014,5
30380,2014,6
30420,2014,4
30460,2014,49
30580,2014,5
30620,2014,4
30660,2014,1
30700,2014,16
30780,2014,88
30820,2014,5
30860,2014,2
30880,2014,1
30900,2014,6
30940,2014,3
30980,2014,25
31020,2014,4
31060,2014,NA
31080,2014,1454
31140,2014,173
31180,2014,33
31220,2014,2
31260,2014,2
31300,2014,7
31340,2014,11
31380,2014,2
31420,2014,35
31460,2014,11
31500,2014,7
31540,2014,59
31580,2014,10
31620,2014,NA
31660,2014,7
31680,2014,NA
31700,2014,20
31740,2014,19
31820,2014,4
31860,2014,12
31900,2014,7
31930,2014,3
31940,2014,4
31980,2014,9
32000,2014,1
32020,2014,3
32100,2014,5
32140,2014,8
32180,2014,NA
32220,2014,3
32260,2014,2
32280,2014,NA
32300,2014,3
32340,2014,NA
32380,2014,2
32460,2014,NA
32500,2014,2
32540,2014,3
32580,2014,28
32620,2014,7
32660,2014,NA
32700,2014,5
32740,2014,16
32780,2014,12
32820,2014,151
32860,2014,4
32900,2014,17
32940,2014,14
32980,2014,2
33020,2014,1
33060,2014,2
33100,2014,441
33140,2014,15
33180,2014,NA
33220,2014,7
33260,2014,15
33300,2014,5
33340,2014,137
33420,2014,8
33460,2014,507
33500,2014,6
33540,2014,6
33580,2014,NA
33620,2014,3
33660,2014,37
33700,2014,43
33740,2014,13
33780,2014,25
33860,2014,26
33940,2014,10
33980,2014,6
34020,2014,NA
34060,2014,3
34100,2014,5
34140,2014,4
34180,2014,2
34220,2014,4
34260,2014,12
34300,2014,1
34340,2014,5
34380,2014,8
34420,2014,3
34460,2014,3
34500,2014,5
34540,2014,4
34580,2014,7
34620,2014,17
34660,2014,3
34700,2014,2
34740,2014,16
34780,2014,4
34820,2014,54
34860,2014,8
34900,2014,44
34940,2014,13
34980,2014,191
35020,2014,6
35060,2014,3
35100,2014,11
35140,2014,2
35220,2014,8
35260,2014,12
35300,2014,180
35380,2014,27
35420,2014,13
35440,2014,10
35460,2014,3
35500,2014,2
35580,2014,4
35620,2014,3544
35660,2014,28
35700,2014,6
35740,2014,3
35820,2014,8
35840,2014,52
35860,2014,4
35900,2014,3
35940,2014,2
35980,2014,64
36020,2014,4
36100,2014,14
36140,2014,23
36220,2014,17
36260,2014,7
36300,2014,14
36340,2014,9
36380,2014,5
36420,2014,136
36460,2014,12
36500,2014,17
36540,2014,42
36580,2014,10
36620,2014,3
36660,2014,NA
36700,2014,7
36740,2014,150
36780,2014,5
36820,2014,2
36830,2014,1
36840,2014,8
36860,2014,13
36900,2014,1
36940,2014,8
36980,2014,13
37020,2014,4
37060,2014,13
37080,2014,2
37100,2014,129
37120,2014,3
37140,2014,14
37220,2014,2
37260,2014,3
37300,2014,2
37340,2014,39
37420,2014,4
37460,2014,22
37500,2014,7
37540,2014,7
37580,2014,4
37620,2014,3
37660,2014,7
37740,2014,2
37780,2014,1
37800,2014,NA
37860,2014,31
37900,2014,25
37940,2014,3
37980,2014,830
38060,2014,129
38100,2014,NA
38180,2014,2
38220,2014,18
38240,2014,6
38260,2014,9
38300,2014,380
38340,2014,41
38380,2014,4
38420,2014,5
38460,2014,15
38500,2014,4
38540,2014,5
38580,2014,4
38620,2014,5
38700,2014,3
38740,2014,2
38780,2014,1
38820,2014,1
38840,2014,1
38860,2014,23
38900,2014,124
38920,2014,2
38940,2014,34
39020,2014,2
39060,2014,36
39140,2014,9
39220,2014,1
39260,2014,1
39300,2014,336
39340,2014,6
39380,2014,36
39420,2014,2
39460,2014,14
39500,2014,1
39540,2014,20
39580,2014,66
39660,2014,10
39700,2014,1
39740,2014,53
39780,2014,3
39820,2014,7
39860,2014,13
39900,2014,38
39940,2014,NA
39980,2014,14
40060,2014,74
40080,2014,10
40100,2014,7
40140,2014,377
40180,2014,7
40220,2014,16
40260,2014,10
40300,2014,4
40340,2014,36
40380,2014,130
40420,2014,27
40460,2014,2
40540,2014,7
40580,2014,15
40620,2014,5
40660,2014,12
40700,2014,7
40740,2014,1
40760,2014,NA
40780,2014,1
40820,2014,4
40860,2014,12
40900,2014,164
40940,2014,NA
40980,2014,35
41060,2014,35
41100,2014,3
41140,2014,2
41180,2014,157
41220,2014,4
41260,2014,NA
41400,2014,8
41420,2014,16
41460,2014,14
41500,2014,48
41540,2014,94
41620,2014,23
41660,2014,12
41700,2014,173
41740,2014,372
41760,2014,4
41780,2014,5
41820,2014,3
41860,2014,440
41940,2014,160
42020,2014,59
42100,2014,37
42140,2014,13
42200,2014,83
42220,2014,69
42300,2014,2
42340,2014,57
42380,2014,10
42420,2014,3
42460,2014,5
42540,2014,126
42620,2014,1
42660,2014,160
42680,2014,13
42700,2014,4
42740,2014,3
42780,2014,3
42820,2014,2
42860,2014,8
42900,2014,8
42940,2014,6
42980,2014,7
43020,2014,NA
43060,2014,6
43100,2014,5
43140,2014,3
43180,2014,2
43220,2014,1
43260,2014,5
43300,2014,8
43320,2014,3
43340,2014,52
43380,2014,5
43420,2014,6
43460,2014,2
43500,2014,3
43580,2014,10
43620,2014,22
43660,2014,4
43700,2014,6
43740,2014,9
43760,2014,1
43780,2014,28
43900,2014,27
43940,2014,5
43980,2014,1
44020,2014,3
44060,2014,26
44100,2014,20
44140,2014,135
44180,2014,28
44220,2014,16
44260,2014,7
44300,2014,19
44340,2014,1
44420,2014,7
44460,2014,9
44500,2014,1
44540,2014,4
44580,2014,7
44620,2014,6
44660,2014,11
44700,2014,48
44740,2014,1
44780,2014,3
44860,2014,2
44900,2014,NA
44920,2014,3
44940,2014,4
44980,2014,13
45000,2014,NA
45020,2014,5
45060,2014,66
45140,2014,5
45180,2014,4
45220,2014,32
45300,2014,187
45340,2014,5
45380,2014,6
45460,2014,19
45500,2014,17
45520,2014,2
45540,2014,3
45580,2014,1
45620,2014,4
45660,2014,5
45700,2014,1
45740,2014,3
45780,2014,26
45820,2014,54
45860,2014,55
45900,2014,18
45940,2014,67
45980,2014,4
46020,2014,10
46060,2014,29
46100,2014,13
46140,2014,97
46180,2014,20
46220,2014,12
46300,2014,5
46340,2014,5
46380,2014,14
46460,2014,7
46500,2014,3
46520,2014,47
46540,2014,32
46620,2014,3
46660,2014,13
46700,2014,33
46740,2014,2
46780,2014,1
46820,2014,1
46860,2014,1
46900,2014,1
46980,2014,6
47020,2014,8
47080,2014,3
47180,2014,6
47220,2014,31
47240,2014,8
47260,2014,87
47300,2014,23
47340,2014,3
47380,2014,15
47420,2014,5
47460,2014,6
47540,2014,2
47580,2014,28
47620,2014,8
47660,2014,4
47700,2014,6
47780,2014,3
47820,2014,6
47900,2014,729
47920,2014,NA
47940,2014,17
47980,2014,4
48020,2014,7
48060,2014,13
48100,2014,NA
48140,2014,1
48180,2014,6
48220,2014,6
48260,2014,7
48300,2014,10
48460,2014,4
48500,2014,NA
48540,2014,7
48580,2014,11
48620,2014,119
48660,2014,9
48700,2014,19
48780,2014,3
48820,2014,6
48900,2014,22
48940,2014,5
48980,2014,7
49020,2014,7
49080,2014,2
49100,2014,12
49180,2014,28
49220,2014,6
49260,2014,2
49300,2014,14
49340,2014,196
49380,2014,5
49420,2014,7
49460,2014,2
49620,2014,49
49660,2014,47
49700,2014,11
49740,2014,10
49780,2014,8
49820,2014,NA
10100,2015,3
10140,2015,3
10180,2015,15
10220,2015,5
10300,2015,10
10420,2015,48
10460,2015,NA
10500,2015,20
10540,2015,5
10580,2015,144
10620,2015,2
10660,2015,6
10700,2015,10
10740,2015,35
10760,2015,NA
10780,2015,8
10820,2015,8
10860,2015,5
10900,2015,123
10940,2015,4
10980,2015,3
11020,2015,17
11060,2015,3
11100,2015,25
11140,2015,3
11180,2015,5
11220,2015,11
11260,2015,47
11380,2015,NA
11420,2015,5
11460,2015,44
11500,2015,6
11540,2015,7
11580,2015,NA
11620,2015,10
11660,2015,4
11680,2015,9
11700,2015,38
11740,2015,3
11780,2015,3
11820,2015,9
11860,2015,2
11900,2015,5
11940,2015,3
11980,2015,14
12020,2015,20
12060,2015,455
12100,2015,56
12120,2015,NA
12140,2015,4
12180,2015,8
12220,2015,4
12260,2015,50
12300,2015,2
12380,2015,7
12420,2015,160
12460,2015,2
12540,2015,62
12580,2015,655
12620,2015,7
12660,2015,3
12680,2015,11
12700,2015,80
12740,2015,10
12780,2015,6
12820,2015,1
12860,2015,7
12900,2015,NA
12940,2015,10
12980,2015,16
13020,2015,14
13060,2015,7
13100,2015,3
13140,2015,36
13180,2015,3
13220,2015,3
13260,2015,3
13300,2015,3
13340,2015,3
13380,2015,16
13420,2015,9
13460,2015,12
13500,2015,2
13540,2015,10
13620,2015,8
13660,2015,5
13700,2015,2
13720,2015,4
13740,2015,15
13780,2015,35
13820,2015,80
13900,2015,5
13940,2015,1
13980,2015,9
14010,2015,11
14020,2015,14
14100,2015,14
14140,2015,8
14180,2015,6
14220,2015,NA
14260,2015,31
14300,2015,NA
14340,2015,NA
14380,2015,4
14420,2015,3
14460,2015,877
14500,2015,66
14540,2015,21
14580,2015,7
14620,2015,12
14660,2015,23
14700,2015,4
14720,2015,19
14740,2015,6
14780,2015,2
14820,2015,2
14860,2015,189
15020,2015,4
15060,2015,2
15100,2015,2
15140,2015,NA
15180,2015,22
15220,2015,4
15260,2015,23
15340,2015,4
15380,2015,149
15420,2015,2
15460,2015,NA
15500,2015,8
15540,2015,42
15580,2015,2
15620,2015,3
15660,2015,6
15680,2015,25
15700,2015,3
15740,2015,4
15780,2015,7
15820,2015,NA
15860,2015,11
15900,2015,3
15940,2015,28
15980,2015,38
16020,2015,5
16060,2015,16
16100,2015,NA
16140,2015,NA
16180,2015,6
16220,2015,13
16260,2015,1
16300,2015,10
16340,2015,2
16380,2015,3
16420,2015,NA
16460,2015,6
16500,2015,3
16540,2015,14
16580,2015,15
16620,2015,2
16660,2015,7
16700,2015,63
16740,2015,124
16820,2015,20
16860,2015,50
16940,2015,12
16980,2015,1109
17020,2015,26
17060,2015,7
17140,2015,178
17200,2015,33
17220,2015,2
17260,2015,4
17300,2015,34
17340,2015,4
17380,2015,7
17420,2015,1
17460,2015,131
17500,2015,2
17540,2015,1
17580,2015,NA
17660,2015,15
17700,2015,12
17740,2015,4
17780,2015,14
17820,2015,135
17860,2015,10
17900,2015,62
17980,2015,43
18020,2015,11
18060,2015,10
18100,2015,1
18140,2015,124
18180,2015,9
18220,2015,2
18260,2015,12
18300,2015,7
18380,2015,3
18420,2015,7
18460,2015,2
18500,2015,8
18580,2015,40
18620,2015,4
18660,2015,6
18700,2015,4
18740,2015,4
18780,2015,7
18820,2015,3
18860,2015,3
18880,2015,30
18900,2015,4
18980,2015,3
19000,2015,1
19060,2015,10
19100,2015,416
19140,2015,9
19180,2015,13
19220,2015,6
19260,2015,6
19300,2015,27
19340,2015,15
19380,2015,99
19420,2015,NA
19460,2015,11
19500,2015,13
19540,2015,4
19580,2015,1
19620,2015,7
19660,2015,35
19700,2015,1
19740,2015,656
19760,2015,NA
19780,2015,22
19820,2015,962
19860,2015,7
19940,2015,3
19980,2015,5
20020,2015,10
20060,2015,4
20100,2015,43
20140,2015,12
20180,2015,17
20220,2015,2
20260,2015,57
20300,2015,2
20340,2015,11
20380,2015,4
20420,2015,17
20460,2015,1
20500,2015,34
20540,2015,6
20580,2015,3
20660,2015,6
20700,2015,18
20740,2015,3
20780,2015,23
20820,2015,10
20900,2015,2
20940,2015,11
20980,2015,9
21020,2015,6
21060,2015,12
21120,2015,4
21140,2015,17
21180,2015,1
21220,2015,3
21260,2015,1
21300,2015,6
21340,2015,51
21380,2015,11
21420,2015,12
21460,2015,2
21500,2015,48
21540,2015,NA
21580,2015,4
21640,2015,NA
21660,2015,19
21700,2015,16
21740,2015,4
21780,2015,29
21820,2015,8
21840,2015,NA
21860,2015,NA
21900,2015,2
21980,2015,1
22020,2015,32
22060,2015,7
22100,2015,2
22140,2015,3
22180,2015,14
22220,2015,48
22260,2015,12
22280,2015,5
22300,2015,5
22340,2015,2
22380,2015,12
22420,2015,82
22500,2015,26
22520,2015,23
22540,2015,5
22580,2015,2
22620,2015,6
22660,2015,68
22700,2015,3
22780,2015,1
22800,2015,1
22820,2015,9
22840,2015,NA
22860,2015,2
22900,2015,28
23060,2015,42
23140,2015,7
23180,2015,9
23240,2015,12
23300,2015,5
23340,2015,3
23380,2015,3
23420,2015,95
23460,2015,8
23500,2015,3
23540,2015,26
23580,2015,18
23620,2015,6
23660,2015,3
23700,2015,6
23780,2015,13
23820,2015,6
23860,2015,8
23900,2015,8
23940,2015,8
23980,2015,3
24020,2015,24
24060,2015,31
24100,2015,8
24140,2015,5
24220,2015,14
24260,2015,2
24300,2015,31
24330,2015,NA
24340,2015,97
24380,2015,2
24420,2015,4
24460,2015,6
24500,2015,5
24540,2015,60
24580,2015,14
24620,2015,7
24640,2015,10
24660,2015,42
24700,2015,3
24740,2015,5
24780,2015,12
24820,2015,4
24860,2015,62
24900,2015,7
24940,2015,9
24980,2015,2
25060,2015,52
25100,2015,4
25180,2015,37
25200,2015,3
25220,2015,1
25260,2015,6
25300,2015,NA
25420,2015,72
25460,2015,6
25500,2015,7
25540,2015,311
25580,2015,2
25620,2015,31
25700,2015,10
25720,2015,1
25740,2015,6
25760,2015,2
25780,2015,1
25820,2015,1
25840,2015,7
25860,2015,15
25880,2015,2
25900,2015,3
25940,2015,22
25980,2015,3
26020,2015,2
26090,2015,17
26140,2015,12
26220,2015,5
26260,2015,NA
26300,2015,24
26340,2015,5
26380,2015,3
26420,2015,405
26460,2015,19
26500,2015,8
26540,2015,5
26580,2015,19
26620,2015,43
26660,2015,8
26700,2015,NA
26740,2015,11
26780,2015,6
26820,2015,5
26860,2015,14
26900,2015,262
26940,2015,4
26960,2015,4
26980,2015,11
27020,2015,3
27060,2015,16
27100,2015,20
27140,2015,53
27160,2015,3
27180,2015,13
27220,2015,5
27260,2015,107
27300,2015,4
27340,2015,8
27380,2015,2
27420,2015,3
27460,2015,15
27500,2015,10
27540,2015,8
27600,2015,4
27620,2015,4
27660,2015,NA
27700,2015,5
27740,2015,14
27780,2015,36
27860,2015,6
27900,2015,19
27920,2015,6
27940,2015,5
27980,2015,5
28020,2015,48
28060,2015,8
28100,2015,12
28140,2015,236
28180,2015,3
28260,2015,3
28300,2015,9
28340,2015,7
28380,2015,3
28420,2015,10
28500,2015,6
28540,2015,1
28580,2015,12
28620,2015,11
28660,2015,32
28700,2015,25
28740,2015,40
28780,2015,4
28820,2015,3
28860,2015,2
28900,2015,2
28940,2015,79
29020,2015,13
29060,2015,4
29100,2015,7
29180,2015,8
29200,2015,21
29260,2015,NA
29300,2015,6
29340,2015,6
29380,2015,3
29420,2015,6
29460,2015,36
29500,2015,1
29540,2015,48
29620,2015,49
29660,2015,4
29700,2015,14
29740,2015,7
29780,2015,1
29820,2015,83
29860,2015,10
29900,2015,1
29940,2015,30
29980,2015,4
30020,2015,13
30060,2015,5
30140,2015,14
30220,2015,2
30260,2015,7
30280,2015,5
30300,2015,2
30340,2015,4
30380,2015,6
30420,2015,4
30460,2015,49
30580,2015,4
30620,2015,6
30660,2015,1
30700,2015,14
30780,2015,90
30820,2015,5
30860,2015,2
30880,2015,1
30900,2015,5
30940,2015,3
30980,2015,22
31020,2015,4
31060,2015,NA
31080,2015,1469
31140,2015,182
31180,2015,30
31220,2015,2
31260,2015,1
31300,2015,7
31340,2015,12
31380,2015,2
31420,2015,36
31460,2015,13
31500,2015,7
31540,2015,55
31580,2015,9
31620,2015,NA
31660,2015,6
31680,2015,NA
31700,2015,21
31740,2015,20
31820,2015,3
31860,2015,12
31900,2015,8
31930,2015,3
31940,2015,4
31980,2015,8
32000,2015,1
32020,2015,3
32100,2015,6
32140,2015,9
32180,2015,NA
32220,2015,4
32260,2015,2
32280,2015,NA
32300,2015,3
32340,2015,NA
32380,2015,2
32460,2015,NA
32500,2015,1
32540,2015,2
32580,2015,30
32620,2015,8
32660,2015,NA
32700,2015,6
32740,2015,15
32780,2015,12
32820,2015,155
32860,2015,3
32900,2015,17
32940,2015,14
32980,2015,1
33020,2015,1
33060,2015,2
33100,2015,449
33140,2015,15
33180,2015,NA
33220,2015,9
33260,2015,15
33300,2015,6
33340,2015,145
33420,2015,6
33460,2015,518
33500,2015,5
33540,2015,5
33580,2015,NA
33620,2015,2
33660,2015,38
33700,2015,45
33740,2015,14
33780,2015,26
33860,2015,26
33940,2015,14
33980,2015,6
34020,2015,NA
34060,2015,3
34100,2015,7
34140,2015,3
34180,2015,3
34220,2015,4
34260,2015,13
34300,2015,1
34340,2015,4
34380,2015,7
34420,2015,3
34460,2015,3
34500,2015,4
34540,2015,4
34580,2015,7
34620,2015,18
34660,2015,3
34700,2015,1
34740,2015,17
34780,2015,4
34820,2015,54
34860,2015,7
34900,2015,44
34940,2015,13
34980,2015,191
35020,2015,5
35060,2015,2
35100,2015,11
35140,2015,2
35220,2015,9
35260,2015,12
35300,2015,183
35380,2015,25
35420,2015,14
35440,2015,10
35460,2015,3
35500,2015,2
35580,2015,4
35620,2015,3640
35660,2015,28
35700,2015,5
35740,2015,4
35820,2015,8
35840,2015,51
35860,2015,5
35900,2015,3
35940,2015,1
35980,2015,71
36020,2015,5
36100,2015,15
36140,2015,24
36220,2015,17
36260,2015,7
36300,2015,16
36340,2015,9
36380,2015,5
36420,2015,143
36460,2015,13
36500,2015,15
36540,2015,39
36580,2015,9
36620,2015,3
36660,2015,NA
36700,2015,9
36740,2015,151
36780,2015,5
36820,2015,2
36830,2015,NA
36840,2015,7
36860,2015,14
36900,2015,1
36940,2015,8
36980,2015,15
37020,2015,4
37060,2015,12
37080,2015,2
37100,2015,132
37120,2015,3
37140,2015,15
37220,2015,2
37260,2015,3
37300,2015,2
37340,2015,39
37420,2015,4
37460,2015,22
37500,2015,5
37540,2015,6
37580,2015,3
37620,2015,3
37660,2015,7
37740,2015,2
37780,2015,1
37800,2015,NA
37860,2015,31
37900,2015,27
37940,2015,3
37980,2015,842
38060,2015,135
38100,2015,NA
38180,2015,2
38220,2015,16
38240,2015,6
38260,2015,10
38300,2015,388
38340,2015,43
38380,2015,4
38420,2015,5
38460,2015,15
38500,2015,4
38540,2015,5
38580,2015,6
38620,2015,4
38700,2015,1
38740,2015,2
38780,2015,1
38820,2015,1
38840,2015,1
38860,2015,21
38900,2015,125
38920,2015,2
38940,2015,34
39020,2015,3
39060,2015,36
39140,2015,10
39220,2015,1
39260,2015,1
39300,2015,339
39340,2015,5
39380,2015,34
39420,2015,1
39460,2015,14
39500,2015,2
39540,2015,19
39580,2015,68
39660,2015,8
39700,2015,1
39740,2015,54
39780,2015,3
39820,2015,10
39860,2015,11
39900,2015,29
39940,2015,NA
39980,2015,14
40060,2015,74
40080,2015,8
40100,2015,7
40140,2015,384
40180,2015,7
40220,2015,16
40260,2015,10
40300,2015,4
40340,2015,35
40380,2015,139
40420,2015,27
40460,2015,2
40540,2015,7
40580,2015,15
40620,2015,4
40660,2015,12
40700,2015,6
40740,2015,1
40760,2015,NA
40780,2015,1
40820,2015,5
40860,2015,13
40900,2015,166
40940,2015,1
40980,2015,41
41060,2015,36
41100,2015,3
41140,2015,3
41180,2015,157
41220,2015,2
41260,2015,NA
41400,2015,7
41420,2015,14
41460,2015,15
41500,2015,44
41540,2015,91
41620,2015,24
41660,2015,12
41700,2015,172
41740,2015,385
41760,2015,4
41780,2015,6
41820,2015,2
41860,2015,441
41940,2015,156
42020,2015,59
42100,2015,39
42140,2015,13
42200,2015,81
42220,2015,70
42300,2015,2
42340,2015,52
42380,2015,11
42420,2015,3
42460,2015,3
42540,2015,135
42620,2015,1
42660,2015,152
42680,2015,12
42700,2015,4
42740,2015,3
42780,2015,4
42820,2015,2
42860,2015,7
42900,2015,7
42940,2015,8
42980,2015,6
43020,2015,NA
43060,2015,5
43100,2015,5
43140,2015,3
43180,2015,3
43220,2015,1
43260,2015,5
43300,2015,8
43320,2015,3
43340,2015,54
43380,2015,5
43420,2015,6
43460,2015,2
43500,2015,3
43580,2015,9
43620,2015,20
43660,2015,4
43700,2015,7
43740,2015,10
43760,2015,1
43780,2015,21
43900,2015,27
43940,2015,6
43980,2015,1
44020,2015,4
44060,2015,25
44100,2015,17
44140,2015,133
44180,2015,25
44220,2015,14
44260,2015,8
44300,2015,18
44340,2015,1
44420,2015,8
44460,2015,11
44500,2015,1
44540,2015,4
44580,2015,6
44620,2015,4
44660,2015,10
44700,2015,50
44740,2015,1
44780,2015,4
44860,2015,1
44900,2015,NA
44920,2015,3
44940,2015,6
44980,2015,12
45000,2015,NA
45020,2015,6
45060,2015,68
45140,2015,7
45180,2015,4
45220,2015,35
45300,2015,206
45340,2015,3
45380,2015,4
45460,2015,18
45500,2015,18
45520,2015,2
45540,2015,3
45580,2015,NA
45620,2015,7
45660,2015,4
45700,2015,1
45740,2015,3
45780,2015,23
45820,2015,58
45860,2015,57
45900,2015,20
45940,2015,70
45980,2015,4
46020,2015,9
46060,2015,34
46100,2015,15
46140,2015,108
46180,2015,25
46220,2015,13
46300,2015,4
46340,2015,6
46380,2015,10
46460,2015,6
46500,2015,3
46520,2015,49
46540,2015,31
46620,2015,2
46660,2015,14
46700,2015,31
46740,2015,2
46780,2015,1
46820,2015,1
46860,2015,1
46900,2015,1
46980,2015,7
47020,2015,8
47080,2015,2
47180,2015,6
47220,2015,30
47240,2015,8
47260,2015,88
47300,2015,26
47340,2015,3
47380,2015,15
47420,2015,3
47460,2015,5
47540,2015,2
47580,2015,35
47620,2015,6
47660,2015,4
47700,2015,6
47780,2015,3
47820,2015,6
47900,2015,736
47920,2015,NA
47940,2015,15
47980,2015,4
48020,2015,7
48060,2015,12
48100,2015,NA
48140,2015,1
48180,2015,5
48220,2015,6
48260,2015,6
48300,2015,11
48460,2015,4
48500,2015,NA
48540,2015,5
48580,2015,12
48620,2015,118
48660,2015,10
48700,2015,20
48780,2015,4
48820,2015,6
48900,2015,23
48940,2015,5
48980,2015,7
49020,2015,8
49080,2015,1
49100,2015,11
49180,2015,28
49220,2015,3
49260,2015,2
49300,2015,12
49340,2015,188
49380,2015,6
49420,2015,4
49460,2015,2
49620,2015,51
49660,2015,50
49700,2015,10
49740,2015,9
49780,2015,8
49820,2015,NA
10100,2016,3
10140,2016,4
10180,2016,17
10220,2016,5
10300,2016,10
10420,2016,47
10460,2016,NA
10500,2016,17
10540,2016,5
10580,2016,153
10620,2016,2
10660,2016,5
10700,2016,8
10740,2016,31
10760,2016,NA
10780,2016,7
10820,2016,9
10860,2016,5
10900,2016,120
10940,2016,4
10980,2016,4
11020,2016,17
11060,2016,4
11100,2016,26
11140,2016,3
11180,2016,4
11220,2016,11
11260,2016,47
11380,2016,NA
11420,2016,5
11460,2016,47
11500,2016,4
11540,2016,7
11580,2016,1
11620,2016,10
11660,2016,3
11680,2016,10
11700,2016,35
11740,2016,3
11780,2016,2
11820,2016,9
11860,2016,2
11900,2016,5
11940,2016,3
11980,2016,16
12020,2016,19
12060,2016,448
12100,2016,58
12120,2016,NA
12140,2016,4
12180,2016,8
12220,2016,6
12260,2016,45
12300,2016,3
12380,2016,6
12420,2016,168
12460,2016,3
12540,2016,64
12580,2016,655
12620,2016,6
12660,2016,3
12680,2016,12
12700,2016,81
12740,2016,11
12780,2016,8
12820,2016,1
12860,2016,7
12900,2016,NA
12940,2016,12
12980,2016,18
13020,2016,15
13060,2016,7
13100,2016,3
13140,2016,35
13180,2016,3
13220,2016,4
13260,2016,3
13300,2016,2
13340,2016,3
13380,2016,13
13420,2016,10
13460,2016,10
13500,2016,2
13540,2016,10
13620,2016,8
13660,2016,4
13700,2016,3
13720,2016,4
13740,2016,14
13780,2016,35
13820,2016,75
13900,2016,5
13940,2016,1
13980,2016,7
14010,2016,10
14020,2016,15
14100,2016,15
14140,2016,9
14180,2016,6
14220,2016,NA
14260,2016,32
14300,2016,NA
14340,2016,NA
14380,2016,4
14420,2016,1
14460,2016,871
14500,2016,66
14540,2016,16
14580,2016,8
14620,2016,13
14660,2016,21
14700,2016,4
14720,2016,20
14740,2016,7
14780,2016,2
14820,2016,2
14860,2016,180
15020,2016,4
15060,2016,2
15100,2016,2
15140,2016,NA
15180,2016,22
15220,2016,3
15260,2016,27
15340,2016,3
15380,2016,149
15420,2016,2
15460,2016,NA
15500,2016,8
15540,2016,41
15580,2016,2
15620,2016,3
15660,2016,6
15680,2016,27
15700,2016,3
15740,2016,4
15780,2016,7
15820,2016,NA
15860,2016,10
15900,2016,2
15940,2016,25
15980,2016,37
16020,2016,4
16060,2016,15
16100,2016,NA
16140,2016,NA
16180,2016,8
16220,2016,12
16260,2016,1
16300,2016,12
16340,2016,2
16380,2016,2
16420,2016,NA
16460,2016,6
16500,2016,3
16540,2016,14
16580,2016,14
16620,2016,2
16660,2016,7
16700,2016,69
16740,2016,124
16820,2016,19
16860,2016,49
16940,2016,12
16980,2016,1109
17020,2016,23
17060,2016,7
17140,2016,180
17200,2016,32
17220,2016,2
17260,2016,4
17300,2016,36
17340,2016,5
17380,2016,7
17420,2016,1
17460,2016,131
17500,2016,2
17540,2016,1
17580,2016,NA
17660,2016,13
17700,2016,11
17740,2016,4
17780,2016,16
17820,2016,137
17860,2016,10
17900,2016,66
17980,2016,43
18020,2016,11
18060,2016,9
18100,2016,1
18140,2016,127
18180,2016,9
18220,2016,2
18260,2016,12
18300,2016,7
18380,2016,3
18420,2016,7
18460,2016,3
18500,2016,9
18580,2016,39
18620,2016,4
18660,2016,6
18700,2016,4
18740,2016,3
18780,2016,7
18820,2016,3
18860,2016,3
18880,2016,32
18900,2016,3
18980,2016,4
19000,2016,1
19060,2016,9
19100,2016,424
19140,2016,7
19180,2016,14
19220,2016,5
19260,2016,6
19300,2016,31
19340,2016,15
19380,2016,89
19420,2016,NA
19460,2016,9
19500,2016,14
19540,2016,5
19580,2016,1
19620,2016,7
19660,2016,32
19700,2016,1
19740,2016,655
19760,2016,NA
19780,2016,21
19820,2016,967
19860,2016,6
19940,2016,2
19980,2016,5
20020,2016,9
20060,2016,4
20100,2016,44
20140,2016,14
20180,2016,18
20220,2016,2
20260,2016,58
20300,2016,2
20340,2016,9
20380,2016,4
20420,2016,16
20460,2016,1
20500,2016,35
20540,2016,5
20580,2016,3
20660,2016,6
20700,2016,18
20740,2016,3
20780,2016,25
20820,2016,9
20900,2016,3
20940,2016,12
20980,2016,7
21020,2016,6
21060,2016,12
21120,2016,4
21140,2016,16
21180,2016,1
21220,2016,3
21260,2016,1
21300,2016,7
21340,2016,54
21380,2016,13
21420,2016,12
21460,2016,2
21500,2016,49
21540,2016,1
21580,2016,4
21640,2016,NA
21660,2016,19
21700,2016,14
21740,2016,3
21780,2016,28
21820,2016,7
21840,2016,NA
21860,2016,NA
21900,2016,3
21980,2016,1
22020,2016,34
22060,2016,9
22100,2016,2
22140,2016,3
22180,2016,16
22220,2016,44
22260,2016,12
22280,2016,5
22300,2016,6
22340,2016,3
22380,2016,14
22420,2016,77
22500,2016,28
22520,2016,18
22540,2016,5
22580,2016,5
22620,2016,5
22660,2016,72
22700,2016,3
22780,2016,1
22800,2016,2
22820,2016,7
22840,2016,NA
22860,2016,1
22900,2016,27
23060,2016,50
23140,2016,8
23180,2016,7
23240,2016,12
23300,2016,4
23340,2016,2
23380,2016,3
23420,2016,96
23460,2016,8
23500,2016,2
23540,2016,28
23580,2016,18
23620,2016,6
23660,2016,3
23700,2016,6
23780,2016,12
23820,2016,6
23860,2016,8
23900,2016,7
23940,2016,8
23980,2016,1
24020,2016,24
24060,2016,30
24100,2016,8
24140,2016,5
24220,2016,14
24260,2016,2
24300,2016,32
24330,2016,NA
24340,2016,98
24380,2016,2
24420,2016,4
24460,2016,7
24500,2016,5
24540,2016,62
24580,2016,16
24620,2016,9
24640,2016,9
24660,2016,40
24700,2016,3
24740,2016,5
24780,2016,14
24820,2016,5
24860,2016,65
24900,2016,7
24940,2016,10
24980,2016,2
25060,2016,58
25100,2016,4
25180,2016,32
25200,2016,3
25220,2016,1
25260,2016,7
25300,2016,NA
25420,2016,73
25460,2016,6
25500,2016,8
25540,2016,318
25580,2016,2
25620,2016,34
25700,2016,10
25720,2016,1
25740,2016,7
25760,2016,2
25780,2016,1
25820,2016,2
25840,2016,7
25860,2016,16
25880,2016,2
25900,2016,3
25940,2016,22
25980,2016,5
26020,2016,2
26090,2016,17
26140,2016,13
26220,2016,4
26260,2016,NA
26300,2016,21
26340,2016,3
26380,2016,1
26420,2016,424
26460,2016,18
26500,2016,8
26540,2016,5
26580,2016,19
26620,2016,40
26660,2016,9
26700,2016,NA
26740,2016,11
26780,2016,6
26820,2016,5
26860,2016,13
26900,2016,256
26940,2016,5
26960,2016,3
26980,2016,12
27020,2016,3
27060,2016,17
27100,2016,19
27140,2016,57
27160,2016,3
27180,2016,12
27220,2016,6
27260,2016,116
27300,2016,4
27340,2016,8
27380,2016,2
27420,2016,3
27460,2016,15
27500,2016,11
27540,2016,8
27600,2016,3
27620,2016,5
27660,2016,NA
27700,2016,5
27740,2016,15
27780,2016,37
27860,2016,6
27900,2016,23
27920,2016,4
27940,2016,6
27980,2016,5
28020,2016,53
28060,2016,9
28100,2016,13
28140,2016,244
28180,2016,4
28260,2016,4
28300,2016,9
28340,2016,7
28380,2016,1
28420,2016,9
28500,2016,7
28540,2016,1
28580,2016,13
28620,2016,10
28660,2016,29
28700,2016,23
28740,2016,40
28780,2016,4
28820,2016,3
28860,2016,2
28900,2016,2
28940,2016,81
29020,2016,13
29060,2016,4
29100,2016,6
29180,2016,8
29200,2016,21
29260,2016,NA
29300,2016,8
29340,2016,7
29380,2016,3
29420,2016,6
29460,2016,35
29500,2016,1
29540,2016,45
29620,2016,54
29660,2016,5
29700,2016,14
29740,2016,5
29780,2016,1
29820,2016,93
29860,2016,11
29900,2016,1
29940,2016,32
29980,2016,3
30020,2016,14
30060,2016,4
30140,2016,14
30220,2016,1
30260,2016,7
30280,2016,5
30300,2016,2
30340,2016,5
30380,2016,6
30420,2016,4
30460,2016,50
30580,2016,4
30620,2016,7
30660,2016,1
30700,2016,12
30780,2016,95
30820,2016,5
30860,2016,2
30880,2016,1
30900,2016,6
30940,2016,4
30980,2016,21
31020,2016,3
31060,2016,NA
31080,2016,1496
31140,2016,176
31180,2016,33
31220,2016,2
31260,2016,1
31300,2016,7
31340,2016,11
31380,2016,2
31420,2016,34
31460,2016,10
31500,2016,7
31540,2016,51
31580,2016,12
31620,2016,1
31660,2016,5
31680,2016,NA
31700,2016,22
31740,2016,18
31820,2016,3
31860,2016,12
31900,2016,9
31930,2016,3
31940,2016,3
31980,2016,8
32000,2016,1
32020,2016,4
32100,2016,7
32140,2016,9
32180,2016,NA
32220,2016,5
32260,2016,2
32280,2016,NA
32300,2016,3
32340,2016,NA
32380,2016,4
32460,2016,NA
32500,2016,3
32540,2016,3
32580,2016,28
32620,2016,8
32660,2016,NA
32700,2016,6
32740,2016,16
32780,2016,13
32820,2016,157
32860,2016,3
32900,2016,16
32940,2016,13
32980,2016,1
33020,2016,1
33060,2016,2
33100,2016,459
33140,2016,14
33180,2016,NA
33220,2016,7
33260,2016,15
33300,2016,7
33340,2016,146
33420,2016,6
33460,2016,509
33500,2016,5
33540,2016,5
33580,2016,NA
33620,2016,2
33660,2016,38
33700,2016,43
33740,2016,13
33780,2016,25
33860,2016,29
33940,2016,11
33980,2016,7
34020,2016,NA
34060,2016,3
34100,2016,9
34140,2016,3
34180,2016,1
34220,2016,7
34260,2016,13
34300,2016,1
34340,2016,3
34380,2016,6
34420,2016,3
34460,2016,3
34500,2016,5
34540,2016,4
34580,2016,6
34620,2016,19
34660,2016,4
34700,2016,NA
34740,2016,16
34780,2016,6
34820,2016,56
34860,2016,7
34900,2016,47
34940,2016,13
34980,2016,184
35020,2016,7
35060,2016,2
35100,2016,13
35140,2016,3
35220,2016,9
35260,2016,13
35300,2016,196
35380,2016,29
35420,2016,14
35440,2016,9
35460,2016,2
35500,2016,2
35580,2016,4
35620,2016,3690
35660,2016,28
35700,2016,4
35740,2016,4
35820,2016,8
35840,2016,55
35860,2016,4
35900,2016,3
35940,2016,1
35980,2016,76
36020,2016,9
36100,2016,13
36140,2016,22
36220,2016,18
36260,2016,7
36300,2016,14
36340,2016,9
36380,2016,4
36420,2016,152
36460,2016,12
36500,2016,13
36540,2016,44
36580,2016,9
36620,2016,3
36660,2016,NA
36700,2016,9
36740,2016,148
36780,2016,5
36820,2016,2
36830,2016,NA
36840,2016,7
36860,2016,13
36900,2016,1
36940,2016,8
36980,2016,19
37020,2016,4
37060,2016,11
37080,2016,2
37100,2016,125
37120,2016,3
37140,2016,17
37220,2016,2
37260,2016,3
37300,2016,2
37340,2016,37
37420,2016,4
37460,2016,21
37500,2016,5
37540,2016,7
37580,2016,3
37620,2016,3
37660,2016,5
37740,2016,2
37780,2016,1
37800,2016,NA
37860,2016,29
37900,2016,28
37940,2016,3
37980,2016,839
38060,2016,126
38100,2016,NA
38180,2016,2
38220,2016,18
38240,2016,6
38260,2016,9
38300,2016,387
38340,2016,41
38380,2016,4
38420,2016,5
38460,2016,14
38500,2016,4
38540,2016,5
38580,2016,5
38620,2016,7
38700,2016,1
38740,2016,3
38780,2016,1
38820,2016,1
38840,2016,1
38860,2016,23
38900,2016,128
38920,2016,2
38940,2016,36
39020,2016,6
39060,2016,36
39140,2016,10
39220,2016,1
39260,2016,1
39300,2016,350
39340,2016,5
39380,2016,33
39420,2016,NA
39460,2016,12
39500,2016,1
39540,2016,20
39580,2016,67
39660,2016,8
39700,2016,1
39740,2016,54
39780,2016,2
39820,2016,8
39860,2016,11
39900,2016,32
39940,2016,NA
39980,2016,14
40060,2016,72
40080,2016,8
40100,2016,8
40140,2016,399
40180,2016,7
40220,2016,17
40260,2016,10
40300,2016,4
40340,2016,35
40380,2016,136
40420,2016,28
40460,2016,2
40540,2016,6
40580,2016,15
40620,2016,4
40660,2016,15
40700,2016,5
40740,2016,1
40760,2016,NA
40780,2016,1
40820,2016,6
40860,2016,13
40900,2016,156
40940,2016,1
40980,2016,36
41060,2016,35
41100,2016,3
41140,2016,3
41180,2016,159
41220,2016,2
41260,2016,NA
41400,2016,8
41420,2016,15
41460,2016,12
41500,2016,42
41540,2016,93
41620,2016,22
41660,2016,13
41700,2016,161
41740,2016,389
41760,2016,4
41780,2016,6
41820,2016,3
41860,2016,454
41940,2016,165
42020,2016,55
42100,2016,35
42140,2016,12
42200,2016,84
42220,2016,74
42300,2016,2
42340,2016,54
42380,2016,11
42420,2016,4
42460,2016,3
42540,2016,138
42620,2016,1
42660,2016,142
42680,2016,11
42700,2016,5
42740,2016,4
42780,2016,4
42820,2016,2
42860,2016,7
42900,2016,6
42940,2016,6
42980,2016,6
43020,2016,NA
43060,2016,5
43100,2016,5
43140,2016,3
43180,2016,3
43220,2016,1
43260,2016,4
43300,2016,8
43320,2016,3
43340,2016,54
43380,2016,6
43420,2016,6
43460,2016,2
43500,2016,3
43580,2016,11
43620,2016,14
43660,2016,5
43700,2016,7
43740,2016,10
43760,2016,1
43780,2016,33
43900,2016,25
43940,2016,4
43980,2016,1
44020,2016,3
44060,2016,25
44100,2016,19
44140,2016,136
44180,2016,25
44220,2016,13
44260,2016,9
44300,2016,18
44340,2016,2
44420,2016,8
44460,2016,11
44500,2016,1
44540,2016,4
44580,2016,6
44620,2016,5
44660,2016,9
44700,2016,68
44740,2016,1
44780,2016,3
44860,2016,1
44900,2016,NA
44920,2016,3
44940,2016,6
44980,2016,12
45000,2016,1
45020,2016,6
45060,2016,72
45140,2016,7
45180,2016,5
45220,2016,35
45300,2016,201
45340,2016,3
45380,2016,2
45460,2016,17
45500,2016,17
45520,2016,2
45540,2016,4
45580,2016,NA
45620,2016,7
45660,2016,3
45700,2016,1
45740,2016,2
45780,2016,20
45820,2016,56
45860,2016,60
45900,2016,20
45940,2016,67
45980,2016,3
46020,2016,9
46060,2016,32
46100,2016,16
46140,2016,110
46180,2016,22
46220,2016,14
46300,2016,4
46340,2016,5
46380,2016,11
46460,2016,5
46500,2016,2
46520,2016,50
46540,2016,34
46620,2016,2
46660,2016,15
46700,2016,28
46740,2016,2
46780,2016,1
46820,2016,1
46860,2016,1
46900,2016,1
46980,2016,7
47020,2016,9
47080,2016,2
47180,2016,7
47220,2016,28
47240,2016,9
47260,2016,89
47300,2016,25
47340,2016,3
47380,2016,17
47420,2016,2
47460,2016,3
47540,2016,2
47580,2016,35
47620,2016,6
47660,2016,4
47700,2016,7
47780,2016,3
47820,2016,6
47900,2016,737
47920,2016,NA
47940,2016,13
47980,2016,3
48020,2016,8
48060,2016,11
48100,2016,NA
48140,2016,NA
48180,2016,5
48220,2016,7
48260,2016,6
48300,2016,13
48460,2016,6
48500,2016,NA
48540,2016,5
48580,2016,14
48620,2016,121
48660,2016,12
48700,2016,18
48780,2016,4
48820,2016,6
48900,2016,23
48940,2016,4
48980,2016,7
49020,2016,7
49080,2016,1
49100,2016,9
49180,2016,29
49220,2016,3
49260,2016,2
49300,2016,13
49340,2016,191
49380,2016,6
49420,2016,5
49460,2016,2
49620,2016,48
49660,2016,51
49700,2016,11
49740,2016,8
49780,2016,8
49820,2016,NA
