,USstate,year,month,misogyny_proportion,alcohol_counts,crime_counts,crime_proportion
0,ar,2012,1,0.000129315918789603,82.83,41.0,5.2679118639799457e-05
1,ca,2012,1,3.725005215007301e-05,653.65,1158.0,2.715403357692393e-05
2,ct,2012,1,9.317927692881103e-05,123.77000000000001,173.0,4.320342670601092e-05
4,il,2012,1,7.303534910896874e-05,947.98,13.0,2.8453923248825183e-05
5,ky,2012,1,9.2910898448388e-05,243.25,238.0,7.696232920345283e-05
6,la,2012,1,7.088176920895946e-05,52.24,114.0,6.11388232063666e-05
7,ma,2012,1,0.00015380474487637944,428.5,147.0,4.231901280970608e-05
8,md,2012,1,3.847189627976763e-05,765.7900000000001,72.0,3.126859286989225e-05
9,mn,2012,1,0.00010001000100010001,592.04,157.0,6.752464542034522e-05
10,mo,2012,1,9.329228472805298e-05,282.91999999999996,283.0,5.6237224909553455e-05
13,nv,2012,1,8.286377195889956e-05,14.4,116.0,1.824862014474617e-05
15,oh,2012,1,4.3011677670487534e-05,286.59,280.0,5.325856844772196e-05
16,tn,2012,1,3.771023455765895e-05,321.15,126.0,2.906804390751102e-05
17,tx,2012,1,5.6816029695844856e-05,993.78,715.0,2.1239829760536516e-05
18,va,2012,1,8.721817626793424e-05,1320.91,198.0,3.597127530161369e-05
19,al,2012,2,5.797773654916512e-05,86.4,2.0,2.429189136666181e-05
20,ar,2012,2,4.2176296921130326e-05,82.83,46.0,6.972496532698736e-05
21,az,2012,2,1.6069161671835582e-05,26.85,280.0,2.5808047668201415e-05
22,ca,2012,2,3.156007776403161e-05,653.65,1147.0,2.7850729124561257e-05
23,co,2012,2,2.688388848563056e-05,553.41,237.0,3.1669707136721735e-05
24,ct,2012,2,5.145356315924878e-05,123.77000000000001,197.0,3.9961045080724356e-05
26,ga,2012,2,3.068520052778545e-05,1090.56,221.0,6.387927568416583e-05
27,ia,2012,2,0.00010878433505575198,31.71,76.0,5.142894651186554e-05
28,il,2012,2,5.262216234989528e-06,947.98,8.0,2.6265159921992475e-05
29,in,2012,2,3.59945288316176e-05,759.9,166.0,3.5306746502452014e-05
30,ks,2012,2,4.709650072999576e-05,178.48,41.0,2.9619740328793565e-05
31,ky,2012,2,5.015799769273211e-05,243.25,215.0,6.195667240222156e-05
32,ma,2012,2,4.216829365999705e-05,428.5,167.0,4.466507744576737e-05
33,md,2012,2,4.709151057793056e-05,765.7900000000001,82.0,3.591560708325851e-05
34,mi,2012,2,2.8295146674966575e-05,568.63,123.0,2.831034862928427e-05
35,mo,2012,2,5.3546089796792586e-05,282.91999999999996,299.0,6.256121426504487e-05
39,nv,2012,2,9.18843176440861e-05,14.4,111.0,1.748570386180434e-05
41,oh,2012,2,6.606328863050802e-05,286.59,284.0,5.523953828304234e-05
42,pa,2012,2,2.659150135616657e-05,957.4300000000001,267.0,3.4715960383238195e-05
45,tn,2012,2,4.5778113483943327e-05,321.15,127.0,2.7858507736000497e-05
46,tx,2012,2,3.6686669636539924e-05,993.78,678.0,2.047139462281682e-05
47,vt,2012,2,0.0006269592476489029,14.51,9.0,9.832734264893861e-05
49,ar,2012,3,4.06421459053038e-05,82.83,47.0,7.073125584097206e-05
50,az,2012,3,1.655272871732905e-05,26.85,282.0,2.5817189579193544e-05
51,ca,2012,3,3.779868420790868e-05,653.65,1154.0,2.8383077094487853e-05
52,co,2012,3,2.485521835309323e-05,553.41,272.0,3.409825839384416e-05
53,ct,2012,3,4.5964331678617394e-05,123.77000000000001,213.0,4.733794089291358e-05
56,ga,2012,3,4.2428073807877197e-05,1090.56,263.0,7.514092494764421e-05
57,ia,2012,3,7.431905168890045e-05,31.71,85.0,5.111164828451269e-05
58,il,2012,3,3.501604902246863e-05,947.98,11.0,2.407639659515977e-05
59,in,2012,3,3.726546050792823e-05,759.9,190.0,3.7503158160687214e-05
60,ks,2012,3,3.175611305176246e-05,178.48,50.0,4.894978241821715e-05
61,ky,2012,3,5.083281088499924e-05,243.25,217.0,7.241180359115828e-05
62,la,2012,3,4.136675767353355e-05,52.24,107.0,6.207256224514717e-05
63,ma,2012,3,6.656263173854198e-05,428.5,162.0,3.908486409686098e-05
64,md,2012,3,1.7591232529707195e-05,765.7900000000001,99.0,4.185756251997747e-05
65,mi,2012,3,3.174485601062394e-05,568.63,177.0,3.6967904966168104e-05
66,mn,2012,3,5.596597268860533e-05,592.04,160.0,7.12199668738129e-05
67,mo,2012,3,2.7805583361138918e-05,282.91999999999996,308.0,6.449370348810426e-05
68,ms,2012,3,3.815920018316416e-05,128.94,138.0,0.00013043490589310575
72,oh,2012,3,6.461468876489023e-05,286.59,305.0,6.543728951452182e-05
73,pa,2012,3,2.4974650729509548e-05,957.4300000000001,284.0,3.7434453458297625e-05
75,tn,2012,3,2.3851168707266655e-05,321.15,133.0,2.6560928873626893e-05
76,tx,2012,3,4.851877770002333e-05,993.78,727.0,2.144474516578071e-05
77,ut,2012,3,5.159160088737554e-05,7.81,153.0,6.317015065874494e-05
78,va,2012,3,6.241084165477889e-05,1320.91,200.0,4.172774565436825e-05
79,al,2012,4,2.5993605573029036e-05,86.4,2.0,2.429189136666181e-05
80,ar,2012,4,0.00011683607898118939,82.83,46.0,7.694237685038053e-05
81,az,2012,4,5.0955414012738855e-05,26.85,286.0,2.4997635713125734e-05
82,ca,2012,4,2.59103157603814e-05,653.65,1071.0,2.626765534099059e-05
85,ga,2012,4,5.347402944636555e-05,1090.56,267.0,7.838341113449565e-05
86,ia,2012,4,5.1387461459403907e-05,31.71,59.0,4.9763790685061835e-05
87,il,2012,4,4.17009831006766e-05,947.98,18.0,3.9397739882988714e-05
88,in,2012,4,4.1093638704728505e-05,759.9,143.0,5.5824288562384036e-05
89,ks,2012,4,0.00021548937637374478,178.48,48.0,3.6634985036898296e-05
90,ky,2012,4,9.548134533215572e-05,243.25,243.0,6.238658734584352e-05
91,la,2012,4,4.9856040682529196e-05,52.24,109.0,5.296159798260042e-05
92,ma,2012,4,7.828248233751492e-05,428.5,151.0,4.2665563578188456e-05
93,md,2012,4,4.938637429933081e-05,765.7900000000001,84.0,3.953711452490038e-05
94,mi,2012,4,1.5129623045441823e-05,568.63,127.0,3.3554910232688774e-05
95,mn,2012,4,4.971167230065619e-05,592.04,166.0,7.345077492779921e-05
96,mo,2012,4,2.609126725285047e-05,282.91999999999996,273.0,5.837725348494027e-05
97,ms,2012,4,8.363068688670829e-05,128.94,130.0,0.00011531314170654579
102,nv,2012,4,4.3420681270489134e-05,14.4,129.0,2.011598973242459e-05
104,oh,2012,4,5.79501113929919e-05,286.59,295.0,5.5748228151230014e-05
105,ok,2012,4,3.343587000133743e-05,138.59,125.0,2.3167518768006952e-05
106,or,2012,4,3.215847697453049e-05,63.04,136.0,4.3831081457808876e-05
107,pa,2012,4,8.327897067192249e-05,957.4300000000001,338.0,4.3746037942051774e-05
110,tn,2012,4,3.478059242942438e-05,321.15,133.0,2.6294645540269954e-05
111,tx,2012,4,3.9804586019037204e-05,993.78,703.0,2.094099851327847e-05
112,va,2012,4,7.490449676662256e-05,1320.91,194.0,4.234687239970558e-05
113,al,2012,5,2.7106882437450867e-05,86.4,2.0,2.429189136666181e-05
114,ar,2012,5,0.00012168410805548795,82.83,63.0,7.080171137850932e-05
115,ca,2012,5,1.8989925844339577e-05,653.65,1253.0,2.6283765828889286e-05
117,ga,2012,5,3.579898867856983e-05,1090.56,243.0,7.15724526760292e-05
118,il,2012,5,1.5699449734286812e-05,947.98,14.0,3.064268657565789e-05
119,in,2012,5,8.464175377713826e-05,759.9,226.0,4.0613493779396486e-05
120,ky,2012,5,7.098995492137862e-05,243.25,252.0,7.740313703856827e-05
121,la,2012,5,1.870242570461389e-05,52.24,128.0,6.017520386700904e-05
122,ma,2012,5,7.378657969688473e-05,428.5,178.0,4.76297636787731e-05
123,md,2012,5,1.9209343424641747e-05,765.7900000000001,86.0,3.836552170863974e-05
124,mi,2012,5,2.360578341693715e-05,568.63,144.0,3.7271112661773454e-05
125,mn,2012,5,7.182618064284431e-05,592.04,192.0,6.753569630885763e-05
126,mo,2012,5,1.9389614922247643e-05,282.91999999999996,305.0,6.610398091177112e-05
128,ne,2012,5,0.00010284891494394734,25.41,116.0,4.975568244207752e-05
131,nv,2012,5,6.420133538777607e-05,14.4,146.0,2.1886049831837187e-05
133,oh,2012,5,5.013687366510574e-05,286.59,349.0,7.308649503975151e-05
134,ok,2012,5,0.0001351290482410702,138.59,137.0,2.3464935080060818e-05
135,or,2012,5,4.59896983075791e-05,63.04,164.0,4.0561038303222946e-05
136,pa,2012,5,5.486125588386969e-05,957.4300000000001,305.0,3.87658676322291e-05
138,tn,2012,5,4.6712964404721124e-05,321.15,160.0,3.010774621503291e-05
139,tx,2012,5,4.1838298778702024e-05,993.78,719.0,2.13776755283326e-05
140,ut,2012,5,0.00010613457864572278,7.81,182.0,5.931644639732437e-05
141,va,2012,5,5.7466860776951956e-05,1320.91,203.0,3.750528861520498e-05
142,al,2012,6,2.3692752387044804e-05,86.4,2.0,2.429189136666181e-05
143,ar,2012,6,2.7005860271678956e-05,82.83,47.0,5.2267753242824864e-05
144,az,2012,6,5.1197378694210855e-05,26.85,319.0,2.6838288124419274e-05
145,ca,2012,6,3.485514781487269e-05,653.65,1116.0,2.662315800130983e-05
146,co,2012,6,3.531759345918169e-05,553.41,301.0,4.1712368964611694e-05
147,ct,2012,6,4.790878167968189e-05,123.77000000000001,199.0,4.464813567110074e-05
149,ga,2012,6,7.99609790422274e-06,1090.56,296.0,8.11117349772709e-05
150,ia,2012,6,3.46092614383609e-05,31.71,82.0,6.689006861942162e-05
151,il,2012,6,4.277571622589856e-05,947.98,7.0,2.2982014931743414e-05
152,in,2012,6,4.8976393378391615e-05,759.9,185.0,3.729256765174144e-05
153,ks,2012,6,5.72000572000572e-05,178.48,57.0,4.2412197450357266e-05
154,ky,2012,6,3.193153878085385e-05,243.25,208.0,5.5265235934731753e-05
155,la,2012,6,2.612876254180602e-05,52.24,125.0,5.79884681812636e-05
156,ma,2012,6,3.3956779810657e-05,428.5,138.0,4.1083227772261975e-05
157,md,2012,6,5.3381257840372245e-05,765.7900000000001,67.0,0.00011372798642053894
158,mi,2012,6,4.954364795384734e-05,568.63,161.0,3.102939138643368e-05
159,mn,2012,6,5.265005265005265e-05,592.04,310.0,6.652311978839639e-05
160,mo,2012,6,7.98998588435827e-05,282.91999999999996,307.0,6.307298571694776e-05
161,ms,2012,6,1.81257930034439e-05,128.94,118.0,0.00012969854979435086
163,ne,2012,6,4.614248800295312e-05,25.41,104.0,4.544570658241732e-05
167,nv,2012,6,5.5370985603543746e-05,14.4,123.0,1.8113778385432045e-05
169,oh,2012,6,5.442275596836224e-05,286.59,309.0,5.576079377384721e-05
170,ok,2012,6,6.004683653249535e-05,138.59,134.0,2.343730869734039e-05
171,or,2012,6,4.55736584254301e-05,63.04,179.0,5.1810652038503127e-05
172,pa,2012,6,5.252514641384563e-05,957.4300000000001,262.0,3.585601865169874e-05
174,tn,2012,6,6.199724112277003e-05,321.15,116.0,2.364860939041428e-05
175,tx,2012,6,3.190724731139458e-05,993.78,751.0,2.1734377258722003e-05
176,va,2012,6,6.116261391536842e-05,1320.91,219.0,4.38234455433657e-05
178,ar,2012,7,3.7275878778842214e-05,82.83,65.0,7.161177165319631e-05
179,az,2012,7,4.7790181985013e-05,26.85,297.0,2.686289908929345e-05
180,ca,2012,7,3.476692356696365e-05,653.65,1170.0,2.807999505792087e-05
181,co,2012,7,3.8261401897765534e-05,553.41,307.0,4.078237330032485e-05
182,ct,2012,7,3.365681269983732e-05,123.77000000000001,175.0,4.8342314414545566e-05
183,de,2012,7,6.868603612885501e-05,78.08,26.0,0.00014626791781993293
185,ga,2012,7,2.5533580914499387e-05,1090.56,277.0,7.449747152354322e-05
186,ia,2012,7,2.4320249039350164e-05,31.71,82.0,5.1931240504341006e-05
187,id,2012,7,6.729927989770509e-05,20.69,83.0,7.611885546588408e-05
188,il,2012,7,4.2215467747382644e-05,947.98,11.0,7.22291897854793e-05
189,in,2012,7,3.5786881960548545e-05,759.9,214.0,4.199756100145736e-05
190,ks,2012,7,4.035431084925647e-05,178.48,47.0,4.7779620060527626e-05
191,ky,2012,7,6.662817039044108e-05,243.25,246.0,7.725890432426881e-05
192,la,2012,7,3.76851281922444e-05,52.24,109.0,6.534897551991405e-05
193,ma,2012,7,4.432471299748334e-05,428.5,188.0,4.142752188937706e-05
194,md,2012,7,2.6000533010926725e-05,765.7900000000001,76.0,3.311590129718471e-05
195,mi,2012,7,4.4436185597828284e-05,568.63,183.0,3.4367784877949293e-05
196,mn,2012,7,6.083687201138866e-05,592.04,172.0,7.849175357422696e-05
197,mo,2012,7,4.9686354884789766e-05,282.91999999999996,325.0,6.193758292489467e-05
200,ne,2012,7,3.211819495744339e-05,25.41,103.0,4.392369047700275e-05
204,nv,2012,7,5.717389439981704e-05,14.4,137.0,2.0644966847498494e-05
206,oh,2012,7,4.1338213362418475e-05,286.59,367.0,6.232223516403908e-05
207,ok,2012,7,2.972651605231867e-05,138.59,123.0,2.2092390015820307e-05
208,or,2012,7,4.976279733271406e-05,63.04,143.0,3.985517243493643e-05
209,pa,2012,7,7.552071533221563e-06,957.4300000000001,290.0,3.8363076623498946e-05
212,tn,2012,7,2.1121554546414617e-05,321.15,148.0,3.383638279922908e-05
213,tx,2012,7,4.044287325203523e-05,993.78,721.0,2.157447592874977e-05
214,va,2012,7,1.8449503708350247e-05,1320.91,218.0,3.7790759153944645e-05
215,ak,2012,8,0.0001356300013563,9.25,45.0,4.7648090264542194e-05
216,al,2012,8,2.6142651736307786e-05,86.4,2.0,2.429189136666181e-05
217,ar,2012,8,5.991731410653298e-05,82.83,52.0,6.591740549091988e-05
218,az,2012,8,5.809618792180253e-05,26.85,280.0,2.4892088351978397e-05
219,ca,2012,8,2.6568703089633606e-05,653.65,1190.0,2.624128673510012e-05
220,co,2012,8,1.2591603918507139e-05,553.41,299.0,4.310736950036829e-05
221,ct,2012,8,9.014795533168814e-05,123.77000000000001,187.0,4.26791554548297e-05
222,de,2012,8,0.00014304105278214847,78.08,37.0,9.801739941295525e-05
224,ga,2012,8,1.60677674158531e-05,1090.56,297.0,7.848895287808683e-05
225,ia,2012,8,4.7572607692490666e-05,31.71,75.0,5.637694678993424e-05
226,il,2012,8,4.049771694120744e-05,947.98,9.0,5.909660982448307e-05
227,in,2012,8,2.9511147836095083e-05,759.9,228.0,4.3668297907426656e-05
228,ks,2012,8,6.165228113440197e-05,178.48,57.0,3.866676977805274e-05
229,ky,2012,8,5.8093600408978944e-05,243.25,237.0,8.55248011097294e-05
230,la,2012,8,3.463731269873158e-05,52.24,125.0,6.603038031386089e-05
231,ma,2012,8,2.858599381589667e-05,428.5,180.0,4.8020488741863194e-05
232,md,2012,8,7.521624670928921e-05,765.7900000000001,104.0,4.2588583229353037e-05
233,mi,2012,8,1.994256541161455e-05,568.63,161.0,3.039981994243294e-05
234,mn,2012,8,4.590999345782593e-05,592.04,170.0,7.385007825936235e-05
235,mo,2012,8,4.63616072906939e-05,282.91999999999996,328.0,6.73317870287365e-05
236,ms,2012,8,2.9611204879926563e-05,128.94,141.0,0.00012953260776699563
238,ne,2012,8,9.41649141529866e-05,25.41,106.0,4.734670833177e-05
242,nv,2012,8,5.607109815245732e-05,14.4,123.0,1.896350712025731e-05
244,oh,2012,8,5.880066248746402e-05,286.59,352.0,6.305876198810661e-05
245,ok,2012,8,1.4827995255041518e-05,138.59,141.0,2.4174136074668934e-05
246,pa,2012,8,3.403058214982531e-05,957.4300000000001,281.0,3.6965571240417235e-05
248,tn,2012,8,2.8194110814133143e-05,321.15,153.0,2.783502960246302e-05
249,tx,2012,8,3.389395549723643e-05,993.78,702.0,2.0947186413905543e-05
250,va,2012,8,4.4278855581349744e-05,1320.91,202.0,3.735917947405303e-05
252,az,2012,9,5.0342327829238826e-05,26.85,301.0,2.6511069296235922e-05
253,ca,2012,9,2.487651573992432e-05,653.65,1183.0,2.6200761753372694e-05
254,co,2012,9,1.6695605716575396e-05,553.41,280.0,3.644662105979485e-05
255,ct,2012,9,6.158204267635558e-05,123.77000000000001,174.0,4.186378534753077e-05
257,ga,2012,9,3.5962491121760006e-05,1090.56,234.0,6.716151886061919e-05
258,ia,2012,9,2.8846708590549817e-05,31.71,73.0,5.165062667068551e-05
259,il,2012,9,3.458843224472007e-05,947.98,10.0,3.283144990249059e-05
260,in,2012,9,9.722613827501385e-06,759.9,188.0,3.883767113623532e-05
261,ky,2012,9,5.8592605613171615e-05,243.25,244.0,8.313953983627643e-05
262,la,2012,9,2.0177562550443908e-05,52.24,111.0,6.579189135684219e-05
263,ma,2012,9,5.7978857043464815e-05,428.5,165.0,4.5480982058441687e-05
264,md,2012,9,2.9349899721175953e-05,765.7900000000001,74.0,3.179695325031464e-05
265,me,2012,9,0.0001246416552411816,5.93,16.0,9.135027119611762e-05
266,mi,2012,9,3.271198730774892e-05,568.63,125.0,3.348768028427558e-05
267,mn,2012,9,4.4827637732916934e-05,592.04,146.0,6.497477109744168e-05
268,mo,2012,9,4.3414460488499506e-05,282.91999999999996,300.0,5.975627804436824e-05
269,ms,2012,9,6.115709218412361e-05,128.94,135.0,0.00013295266195850105
271,ne,2012,9,4.039751151329078e-05,25.41,106.0,4.5147976753051216e-05
274,nv,2012,9,2.5810114984062255e-05,14.4,133.0,1.9482515101878907e-05
276,oh,2012,9,3.0199749773501877e-05,286.59,298.0,5.4701673045163205e-05
277,ok,2012,9,3.7322484931046706e-05,138.59,123.0,2.3577672136175433e-05
278,pa,2012,9,6.63505657661704e-05,957.4300000000001,281.0,3.818661158372517e-05
280,tn,2012,9,3.125244159699976e-05,321.15,144.0,2.921635645253377e-05
281,tx,2012,9,3.061391096114074e-05,993.78,681.0,2.0495049647978714e-05
282,va,2012,9,8.798324798958279e-06,1320.91,183.0,4.0473401676616194e-05
283,ak,2012,10,0.0001282873636946761,9.25,38.0,4.086671857456886e-05
285,az,2012,10,1.8561484918793502e-05,26.85,256.0,2.656896207623154e-05
286,ca,2012,10,2.8423954866970627e-05,653.65,1134.0,2.7756542228017643e-05
287,co,2012,10,8.362502538616841e-05,553.41,252.0,3.605434935634402e-05
288,ct,2012,10,1.149914331382312e-05,123.77000000000001,164.0,3.9754270129780726e-05
290,de,2012,10,7.505253677574302e-05,78.08,51.0,0.00018197972531766167
292,ga,2012,10,3.844204861171784e-05,1090.56,254.0,7.480336874320623e-05
293,ia,2012,10,2.0860713019170996e-05,31.71,81.0,5.968996589565899e-05
294,il,2012,10,3.1087116462700644e-05,947.98,11.0,3.611459489273965e-05
295,in,2012,10,7.113437995717711e-06,759.9,179.0,3.628487478170796e-05
296,ks,2012,10,5.659523090854211e-05,178.48,51.0,4.3115728533228275e-05
297,ky,2012,10,2.2171719971176764e-05,243.25,235.0,8.226833761245381e-05
298,la,2012,10,8.295794861584663e-06,52.24,126.0,6.853133540921638e-05
299,ma,2012,10,5.6018747607532655e-05,428.5,188.0,4.923556546785049e-05
300,md,2012,10,4.526286408316297e-05,765.7900000000001,70.0,3.005188242844969e-05
301,mi,2012,10,2.82919731630426e-05,568.63,145.0,2.939018408389783e-05
302,mn,2012,10,2.1235705715590193e-05,592.04,120.0,6.231467874186664e-05
303,mo,2012,10,4.4413143752656856e-05,282.91999999999996,290.0,6.763234775900216e-05
304,ms,2012,10,1.6081565701236672e-05,128.94,133.0,0.00011159066195916285
306,ne,2012,10,5.9164595905809965e-05,25.41,109.0,4.673368019156522e-05
309,nv,2012,10,2.9675645197986014e-05,14.4,140.0,2.1012492977699893e-05
311,oh,2012,10,4.8208259681825485e-05,286.59,339.0,5.881983467288711e-05
312,or,2012,10,0.00010187004293094667,63.04,163.0,3.847973416405492e-05
313,pa,2012,10,4.202114045375192e-05,957.4300000000001,249.0,3.417166444413612e-05
316,tn,2012,10,2.898718766305293e-05,321.15,101.0,2.9496224921272823e-05
317,tx,2012,10,3.878093425856024e-05,993.78,718.0,2.1462184557450054e-05
318,va,2012,10,1.3109424365176125e-05,1320.91,180.0,3.512433624761252e-05
319,ar,2012,11,2.028726771078471e-05,82.83,29.0,5.570014117104745e-05
320,az,2012,11,1.9289007194799682e-05,26.85,281.0,2.4337582536667254e-05
321,ca,2012,11,2.3304615690997743e-05,653.65,965.0,2.1978288275337072e-05
322,co,2012,11,1.1909298780487805e-05,553.41,251.0,3.4768804763464774e-05
323,ct,2012,11,5.6077701262869834e-05,123.77000000000001,149.0,4.070235325162632e-05
324,de,2012,11,7.782706825433887e-05,78.08,37.0,0.00013541258751495944
326,ga,2012,11,1.7919155936078786e-05,1090.56,211.0,6.549449116833171e-05
327,ia,2012,11,4.17370980195747e-05,31.71,81.0,6.499988765451516e-05
328,il,2012,11,3.4037205283621556e-05,947.98,12.0,3.9397739882988714e-05
329,in,2012,11,2.191828862002455e-05,759.9,147.0,3.14342216459044e-05
330,ks,2012,11,3.7429352097915186e-05,178.48,53.0,4.56692221325114e-05
331,ky,2012,11,1.1163206072784103e-05,243.25,227.0,7.214005212516013e-05
332,la,2012,11,4.9608096041273936e-05,52.24,119.0,6.663497305763253e-05
333,ma,2012,11,3.829583532790809e-05,428.5,139.0,3.832384197894394e-05
334,md,2012,11,1.6174948240165633e-05,765.7900000000001,66.0,2.8136170539297917e-05
335,mi,2012,11,2.0850795874878546e-05,568.63,158.0,3.0326906780271002e-05
336,mn,2012,11,3.216226936972673e-05,592.04,141.0,7.097385695596652e-05
337,mo,2012,11,3.259324928620784e-05,282.91999999999996,242.0,5.543938230448225e-05
339,ne,2012,11,3.0185945423810673e-05,25.41,79.0,3.5805434177148065e-05
342,nv,2012,11,1.009000282520079e-05,14.4,108.0,1.6138906974593028e-05
344,oh,2012,11,3.612681167749924e-05,286.59,273.0,4.837193874730499e-05
345,ok,2012,11,1.4135274577708671e-05,138.59,129.0,2.28728230258759e-05
346,or,2012,11,1.4512734924896597e-05,63.04,128.0,3.724185647163087e-05
347,pa,2012,11,3.513099959404178e-05,957.4300000000001,241.0,3.320929683930173e-05
350,tn,2012,11,3.617595986880185e-05,321.15,115.0,2.421463005835726e-05
351,tx,2012,11,2.861833290405834e-05,993.78,633.0,2.0519910342579417e-05
352,va,2012,11,3.453396415374521e-05,1320.91,160.0,3.461764807698965e-05
353,vt,2012,11,0.000267022696929239,14.51,2.0,5.773338721782807e-05
354,ar,2012,12,4.8367593712212815e-05,82.83,40.0,5.028031274354527e-05
355,ca,2012,12,2.9091755396520627e-05,653.65,863.0,2.2717656670818758e-05
356,co,2012,12,1.3923116550408644e-05,553.41,251.0,3.3447993766679854e-05
357,ct,2012,12,2.5588536335721596e-05,123.77000000000001,124.0,3.001844924207047e-05
359,ga,2012,12,1.2685150340173448e-05,1090.56,199.0,6.516123476283112e-05
360,ia,2012,12,2.4054652169729625e-05,31.71,60.0,3.999141517620884e-05
361,id,2012,12,6.918021445866483e-05,20.69,64.0,5.5399264228521966e-05
362,il,2012,12,4.6599625339012274e-05,947.98,114.0,1.352356160314468e-05
363,in,2012,12,2.5748862758561497e-05,759.9,157.0,3.343472360025104e-05
364,ks,2012,12,6.730380939561179e-05,178.48,32.0,3.0210681741796856e-05
365,ky,2012,12,6.703401305822575e-05,243.25,232.0,7.105592162286825e-05
366,la,2012,12,3.976815167573049e-05,52.24,98.0,6.0174974087919324e-05
367,ma,2012,12,2.8242524203843244e-05,428.5,134.0,3.56549115438896e-05
368,md,2012,12,2.889755815633579e-05,765.7900000000001,64.0,2.7685756284017792e-05
369,mi,2012,12,1.470314353208716e-05,568.63,137.0,3.730135327676052e-05
370,mn,2012,12,3.656975681111721e-05,592.04,286.0,7.200642116001841e-05
371,mo,2012,12,7.664127285825963e-06,282.91999999999996,248.0,6.479359191375973e-05
372,ms,2012,12,2.077274615704196e-05,128.94,113.0,0.00011514879160004851
374,ne,2012,12,7.125298371869322e-05,25.41,81.0,3.6364077140328975e-05
377,nv,2012,12,1.2047757309976748e-05,14.4,102.0,1.5927030466067073e-05
379,oh,2012,12,2.31202290444024e-05,286.59,312.0,5.5587754089040535e-05
380,ok,2012,12,1.677514594376971e-05,138.59,104.0,2.0530119264200527e-05
381,or,2012,12,3.436071882623784e-05,63.04,119.0,2.9140269011209452e-05
382,pa,2012,12,1.394667720415611e-05,957.4300000000001,240.0,3.257788830128031e-05
385,tn,2012,12,7.238351682554849e-06,321.15,96.0,1.9928374102081435e-05
386,tx,2012,12,3.542434515017612e-05,993.78,569.0,1.8836406012408658e-05
387,va,2012,12,8.56384345294168e-06,1320.91,149.0,3.715810799891867e-05
389,az,2013,1,1.0211792578069154e-05,25.82,197.0,2.0040502160050776e-05
390,ca,2013,1,2.3991335700478457e-05,664.95,637.0,2.678213002106076e-05
391,co,2013,1,4.81295647884104e-05,568.45,271.0,3.61378144223217e-05
392,ct,2013,1,4.5557048814377803e-05,131.66,133.0,4.406093395266e-05
395,ga,2013,1,1.584183511818009e-05,1153.79,243.0,7.32496057181717e-05
396,il,2013,1,3.907525615225953e-05,974.3,11.0,2.4410432575056533e-05
397,in,2013,1,3.123926150385805e-05,756.47,145.0,3.394329035956713e-05
398,ks,2013,1,7.894529091339702e-05,176.48999999999998,46.0,4.077175616362592e-05
399,ky,2013,1,4.6160060008078014e-05,245.58,236.0,8.21912464929413e-05
400,la,2013,1,2.6502937408896154e-05,53.26,127.0,7.396174023239128e-05
401,ma,2013,1,2.0408371513995042e-05,439.14,159.0,3.8471440157795816e-05
402,md,2013,1,3.4231921266581086e-05,778.8000000000001,73.0,3.1710466930109696e-05
403,mi,2013,1,2.6365282196403776e-05,569.1,120.0,2.8380233640273445e-05
404,mn,2013,1,3.28655470470306e-05,601.31,192.0,4.613064776078953e-05
405,mo,2013,1,3.5496237398835724e-05,287.83,237.0,5.599744443730366e-05
406,ms,2013,1,1.9106211429335678e-05,129.59,107.0,0.00011969282570151742
408,ne,2013,1,3.22768058872894e-05,27.6,65.0,3.0402117109890556e-05
411,nv,2013,1,2.1474895846755144e-05,14.68,100.0,1.6117297825421943e-05
413,oh,2013,1,2.1027472392681037e-05,284.19,274.0,4.7609490969400475e-05
414,ok,2013,1,1.4372152517282514e-05,140.07,110.0,1.9907895217870195e-05
415,pa,2013,1,5.779392338177015e-05,979.3199999999999,302.0,3.810537549503867e-05
418,tn,2013,1,1.7891221374045802e-05,334.42,106.0,2.1580762338393682e-05
419,tx,2013,1,3.397112997490213e-05,957.91,578.0,1.8421484065352542e-05
420,va,2013,1,2.2849134779429687e-05,1336.3,161.0,4.001126279770181e-05
422,az,2013,2,4.1355352761159056e-05,25.82,230.0,2.50559455688996e-05
423,ca,2013,2,2.4160096881988498e-05,664.95,617.0,2.4664460403367462e-05
424,co,2013,2,1.6013835954264484e-05,568.45,268.0,3.5405955704507175e-05
425,ct,2013,2,1.5757461157858247e-05,131.66,156.0,3.78406935908053e-05
427,ga,2013,2,3.355066709909749e-05,1153.79,203.0,6.48950219124595e-05
428,il,2013,2,5.6739520210617096e-05,974.3,13.0,4.327303956487294e-05
429,ks,2013,2,2.4186136506554445e-05,176.48999999999998,35.0,2.5483197835529984e-05
430,ky,2013,2,6.246193725698403e-05,245.58,231.0,9.456481558428161e-05
431,la,2013,2,1.286521118244156e-05,53.26,97.0,7.043664913253999e-05
432,ma,2013,2,2.567064561673726e-05,439.14,127.0,4.016610423578452e-05
433,md,2013,2,2.416889221882515e-05,778.8000000000001,56.0,2.624357032527031e-05
434,me,2013,2,0.00011515430677107324,5.09,20.0,9.126335867412592e-05
435,mi,2013,2,2.9565680158472047e-05,569.1,106.0,3.837705602362289e-05
436,mn,2013,2,2.8412319581770656e-05,601.31,170.0,4.5347288205490436e-05
437,mo,2013,2,1.8452397427735797e-05,287.83,259.0,5.502777521642488e-05
438,ms,2013,2,5.617030837499298e-05,129.59,128.0,0.00012326703877904
441,ne,2013,2,8.271982794275788e-05,27.6,87.0,3.709722329415668e-05
443,nv,2013,2,4.289758915548946e-05,14.68,115.0,1.8513140466119022e-05
445,oh,2013,2,4.242341395353222e-05,284.19,209.0,4.5123723203741164e-05
446,pa,2013,2,5.4791518272971344e-05,979.3199999999999,254.0,3.4316436181358855e-05
449,tx,2013,2,2.8905855555512732e-05,957.91,602.0,1.9388711293231876e-05
450,ut,2013,2,4.296455424274973e-05,8.18,215.0,6.305037108809104e-05
451,va,2013,2,3.2137118371719335e-05,1336.3,167.0,3.494144170062298e-05
453,ar,2013,3,4.364048964629383e-05,87.82,44.0,7.177439350637487e-05
454,az,2013,3,4.721925790214281e-05,25.82,241.0,2.399069121362337e-05
455,ca,2013,3,2.681169732481134e-05,664.95,772.0,2.797655709471717e-05
456,co,2013,3,2.1692209243050358e-05,568.45,297.0,3.935748964414336e-05
457,ct,2013,3,2.1733224667209997e-05,131.66,159.0,3.775039014672081e-05
458,de,2013,3,8.802816901408451e-05,79.34,22.0,8.248288480140371e-05
460,ga,2013,3,2.9251984956122022e-05,1153.79,233.0,6.646212685651825e-05
461,ia,2013,3,3.914660403210022e-05,33.59,90.0,4.9251271230034085e-05
462,il,2013,3,2.412383568987469e-05,974.3,11.0,3.66156488625848e-05
463,in,2013,3,3.811004657047691e-05,756.47,207.0,4.527909641297686e-05
464,ks,2013,3,1.691703884152118e-05,176.48999999999998,40.0,2.8050058133745482e-05
465,ky,2013,3,2.1915406530791147e-05,245.58,246.0,0.00010121578258520744
466,la,2013,3,3.78655206035764e-05,53.26,119.0,7.083700167806308e-05
467,ma,2013,3,3.8098685119129825e-05,439.14,147.0,4.105073116378823e-05
468,md,2013,3,3.507910337811766e-05,778.8000000000001,95.0,4.0785345438996286e-05
469,mi,2013,3,1.2992693775200412e-05,569.1,158.0,3.490996763536671e-05
470,mn,2013,3,3.978990927900685e-05,601.31,197.0,4.4541818436695226e-05
471,mo,2013,3,1.3601186023421243e-05,287.83,257.0,5.742436741584984e-05
472,ms,2013,3,0.00010580890911014708,129.59,113.0,0.00013595309738452708
475,ne,2013,3,5.650036725238714e-05,27.6,84.0,4.343803796587942e-05
478,nv,2013,3,5.073515235766253e-05,14.68,128.0,1.998666826768207e-05
480,oh,2013,3,1.6850959999191154e-05,284.19,226.0,4.2951677272500075e-05
481,ok,2013,3,2.6133542401672546e-05,140.07,104.0,1.9547975619163332e-05
482,or,2013,3,1.4356471179384107e-05,62.7,132.0,3.827533653299682e-05
483,pa,2013,3,3.5533235419529066e-05,979.3199999999999,302.0,3.913308553365154e-05
486,tn,2013,3,2.6238971432319854e-05,334.42,97.0,2.7365284512913452e-05
487,tx,2013,3,3.462354880721874e-05,957.91,713.0,2.0994509008366915e-05
488,ut,2013,3,3.07739652254193e-05,8.18,177.0,5.493756826458429e-05
489,va,2013,3,2.282566517792606e-05,1336.3,194.0,3.940325596822229e-05
490,ar,2013,4,3.124609423822022e-05,87.82,47.0,4.928536224741252e-05
491,az,2013,4,2.509914160935696e-05,25.82,276.0,2.7896224427955575e-05
492,ca,2013,4,2.434962819470504e-05,664.95,796.0,3.335293865996524e-05
493,ct,2013,4,7.835762419683435e-05,131.66,149.0,3.975015559918291e-05
494,de,2013,4,0.00012605571662674902,79.34,25.0,0.00011853003788220011
496,ga,2013,4,3.535317825072474e-05,1153.79,238.0,6.813637007782719e-05
497,ia,2013,4,8.547008547008547e-05,33.59,85.0,5.1293903810050827e-05
498,il,2013,4,4.5574523841172785e-05,974.3,12.0,3.994434421372887e-05
499,in,2013,4,3.4577349530900626e-05,756.47,157.0,3.39630633298642e-05
500,ks,2013,4,4.9135220125786166e-05,176.48999999999998,45.0,3.101136325263717e-05
501,ky,2013,4,4.824469710371002e-05,245.58,238.0,8.264216014106114e-05
502,ma,2013,4,3.170396109289895e-05,439.14,138.0,4.103840242852181e-05
503,md,2013,4,6.352594399552777e-05,778.8000000000001,42.0,3.8380805211016755e-05
504,mi,2013,4,3.700528558829153e-05,569.1,132.0,2.918537644603038e-05
505,mo,2013,4,1.9130334972165364e-05,287.83,281.0,5.979356961652532e-05
506,ms,2013,4,3.1009675018605804e-05,129.59,94.0,0.00010765137902561759
508,ne,2013,4,4.1363335539377896e-05,27.6,102.0,4.5326906985187434e-05
512,nv,2013,4,4.220121539500338e-05,14.68,118.0,1.6878158575735157e-05
514,oh,2013,4,1.9745188344415322e-05,284.19,254.0,4.659561263783083e-05
515,ok,2013,4,7.276828758027252e-05,140.07,145.0,2.5032512054017745e-05
516,or,2013,4,1.9666456891126496e-05,62.7,156.0,3.600209642976903e-05
517,pa,2013,4,5.703725673610002e-06,979.3199999999999,280.0,3.5842670135554416e-05
520,tn,2013,4,2.753000770840216e-05,334.42,132.0,2.4249567733084273e-05
521,tx,2013,4,3.6302845598552245e-05,957.91,661.0,1.9713769781880707e-05
522,va,2013,4,2.2778005557833356e-05,1336.3,209.0,3.904256424089673e-05
523,al,2013,5,7.641520968333537e-05,80.84,2.0,2.3770189804965593e-05
524,az,2013,5,1.3172453764687285e-05,25.82,272.0,2.7529943621307e-05
525,ca,2013,5,2.921256081690005e-05,664.95,836.0,3.288213485293898e-05
526,ct,2013,5,4.725004725004725e-05,131.66,175.0,4.5556449908210265e-05
528,ga,2013,5,1.8012744016391597e-05,1153.79,253.0,7.314787696237973e-05
529,ia,2013,5,4.8651146950789365e-05,33.59,84.0,6.964169348700933e-05
530,il,2013,5,3.7359900373599e-05,974.3,11.0,2.4410432575056533e-05
531,in,2013,5,2.7867573291717758e-05,756.47,184.0,4.136224764252048e-05
532,ky,2013,5,4.1572551030306387e-05,245.58,263.0,8.468152983140326e-05
533,la,2013,5,3.0452524514282233e-05,53.26,79.0,7.344396411472133e-05
534,ma,2013,5,3.693463624659674e-05,439.14,157.0,4.179195379779722e-05
535,md,2013,5,9.882106469815106e-06,778.8000000000001,92.0,3.8833246662029187e-05
536,mi,2013,5,2.097128506792075e-05,569.1,152.0,3.689831770374001e-05
537,mo,2013,5,1.5404404119137663e-05,287.83,305.0,6.490694365970885e-05
538,ms,2013,5,4.8375783082988655e-05,129.59,126.0,0.00011073184964372467
540,ne,2013,5,3.792331904888316e-05,27.6,96.0,4.1642429471388396e-05
542,nv,2013,5,4.576344873349656e-05,14.68,132.0,1.9554301183346312e-05
544,oh,2013,5,2.0503988025670993e-05,284.19,357.0,5.9574110193080195e-05
545,ok,2013,5,2.869275794789395e-05,140.07,150.0,2.555720674042363e-05
546,or,2013,5,4.814791038068948e-05,62.7,160.0,4.3613022739557474e-05
547,pa,2013,5,3.2055832100710266e-05,979.3199999999999,344.0,4.333885021778402e-05
551,tn,2013,5,2.357897384305835e-05,334.42,120.0,2.2903556368801464e-05
552,tx,2013,5,4.6453898135311494e-05,957.91,705.0,2.0693146438705095e-05
553,ut,2013,5,3.682291858452701e-05,8.18,206.0,6.599833210040333e-05
554,va,2013,5,9.236168837166344e-06,1336.3,218.0,3.784610523647739e-05
555,ak,2013,6,0.00016736401673640169,9.1,35.0,3.895966561475569e-05
557,az,2013,6,4.057906323232528e-05,25.82,257.0,2.2694090547125384e-05
558,ca,2013,6,1.8695782231528567e-05,664.95,739.0,3.061130359044081e-05
559,co,2013,6,2.571983384987333e-05,568.45,314.0,3.973534740082741e-05
560,ct,2013,6,2.647288514738779e-05,131.66,159.0,4.263612454253316e-05
562,de,2013,6,0.00010167768174885612,79.34,21.0,8.625930368204e-05
564,ga,2013,6,1.3864625793749828e-05,1153.79,258.0,7.348654042742393e-05
565,ia,2013,6,2.632618138738976e-05,33.59,81.0,5.760016384046603e-05
566,il,2013,6,2.5392714195479463e-05,974.3,11.0,3.66156488625848e-05
567,in,2013,6,3.982794328500876e-05,756.47,145.0,3.430710298992318e-05
568,ks,2013,6,2.091131511260743e-05,176.48999999999998,50.0,3.1790194886610734e-05
569,ky,2013,6,1.405086412814388e-05,245.58,250.0,7.888612787441328e-05
570,la,2013,6,2.0539152759948653e-05,53.26,107.0,6.523407755051526e-05
571,ma,2013,6,3.335835209740639e-05,439.14,159.0,3.883329160993302e-05
572,md,2013,6,6.144896663321112e-05,778.8000000000001,79.0,3.4335107168996526e-05
573,mi,2013,6,2.2180326050792947e-05,569.1,147.0,3.2226128331019774e-05
574,mn,2013,6,2.6648190587859083e-05,601.31,242.0,5.072292747585526e-05
575,mo,2013,6,1.6844658558771013e-05,287.83,297.0,6.412949926736906e-05
576,ms,2013,6,4.9147294441441e-05,129.59,86.0,7.939358075204185e-05
579,ne,2013,6,3.522118906734291e-05,27.6,109.0,4.7083236683111244e-05
581,nv,2013,6,3.345003679504048e-05,14.68,151.0,2.2013195671651758e-05
583,oh,2013,6,2.9211701372949965e-05,284.19,289.0,5.024247644992572e-05
584,ok,2013,6,1.5369482355834255e-05,140.07,147.0,2.5627431882024552e-05
585,or,2013,6,6.656127797653715e-05,62.7,159.0,3.911481452689771e-05
586,pa,2013,6,1.910082849843612e-05,979.3199999999999,316.0,4.0421767889510426e-05
590,tn,2013,6,1.510767998912247e-05,334.42,120.0,2.306276165423808e-05
591,tx,2013,6,4.392187177448754e-05,957.91,649.0,1.9806973867643086e-05
592,ut,2013,6,3.7949223938370464e-05,8.18,203.0,6.088475445748385e-05
593,va,2013,6,2.8874473040867004e-05,1336.3,209.0,4.131769850534708e-05
595,ar,2013,7,2.6224005454593135e-05,87.82,82.0,5.555540499890244e-05
596,az,2013,7,2.9649542408728826e-05,25.82,242.0,2.4259554781031955e-05
597,ca,2013,7,2.4363233665559246e-05,664.95,682.0,2.8532662640046946e-05
598,de,2013,7,0.00020360378703043877,79.34,31.0,0.00010139599387699031
600,ga,2013,7,3.973702917139464e-05,1153.79,243.0,6.603499528651443e-05
601,id,2013,7,5.3484516232550676e-05,19.75,89.0,6.376810763483372e-05
602,il,2013,7,3.9558165718285004e-05,974.3,10.0,2.2191302340960483e-05
603,in,2013,7,3.970302139992854e-05,756.47,163.0,4.0080091333430215e-05
604,ks,2013,7,1.991674799338764e-05,176.48999999999998,49.0,3.172422455312545e-05
605,ky,2013,7,2.771580216460415e-05,245.58,272.0,9.228262776139648e-05
606,la,2013,7,5.789885070781345e-05,53.26,159.0,7.450265960437681e-05
607,ma,2013,7,4.907440224651708e-05,439.14,176.0,3.812426039476372e-05
608,md,2013,7,3.881497870028044e-05,778.8000000000001,76.0,3.196309776249904e-05
609,me,2013,7,9.969095803010666e-05,5.09,21.0,7.614323630509507e-05
610,mi,2013,7,2.1390259945133984e-05,569.1,150.0,3.160653488286829e-05
611,mn,2013,7,5.296469902809777e-05,601.31,232.0,4.912864420188823e-05
612,mo,2013,7,5.683848127578031e-05,287.83,276.0,6.259152025504684e-05
613,ms,2013,7,4.9405894123168895e-05,129.59,104.0,0.00011099122635700114
617,nv,2013,7,2.1255114511929435e-05,14.68,121.0,1.8577948619842663e-05
619,oh,2013,7,4.871335842071292e-05,284.19,310.0,5.1195488983804226e-05
620,ok,2013,7,4.5129748025573524e-05,140.07,130.0,2.2928728868310255e-05
621,or,2013,7,3.221493806678157e-05,62.7,146.0,4.4222457132991465e-05
622,pa,2013,7,4.155067104333735e-05,979.3199999999999,301.0,3.865275749542459e-05
626,tn,2013,7,3.974025767583077e-05,334.42,113.0,2.0004032671365078e-05
627,tx,2013,7,3.632664922987504e-05,957.91,694.0,2.0849590781716953e-05
628,ut,2013,7,3.590922148807814e-05,8.18,226.0,6.351966987759534e-05
629,va,2013,7,3.7981294212600295e-05,1336.3,239.0,4.346992590469282e-05
631,ar,2013,8,2.516482963410338e-05,87.82,59.0,6.252198866550524e-05
632,az,2013,8,3.915350130185392e-05,25.82,252.0,2.180435728931345e-05
633,ca,2013,8,3.40656345878278e-05,664.95,730.0,2.6280362143390334e-05
634,co,2013,8,1.2231967022616907e-05,568.45,296.0,3.67360423516925e-05
635,ct,2013,8,3.731621762818121e-05,131.66,193.0,4.018077601778114e-05
636,de,2013,8,0.0001017087062652563,79.34,19.0,6.602357389080395e-05
638,ga,2013,8,2.2996858629111263e-05,1153.79,246.0,6.151071824265379e-05
639,ia,2013,8,2.439678938251726e-05,33.59,106.0,5.5851704240988514e-05
640,id,2013,8,5.065342923715936e-05,19.75,99.0,7.038538486586253e-05
641,il,2013,8,3.778169157352026e-05,974.3,6.0,3.994434421372887e-05
642,in,2013,8,5.8932728290656214e-05,756.47,199.0,3.7887802602644534e-05
643,ks,2013,8,3.785727806170736e-05,176.48999999999998,51.0,3.269457116261895e-05
644,ky,2013,8,1.3800908099752963e-05,245.58,260.0,8.024730986325858e-05
645,la,2013,8,1.901447952615917e-05,53.26,144.0,6.583419931212405e-05
646,ma,2013,8,5.2598635591392756e-05,439.14,167.0,3.966047781138759e-05
647,md,2013,8,2.86636983814565e-05,778.8000000000001,82.0,3.482210575218721e-05
648,mi,2013,8,4.481201360293568e-05,569.1,148.0,2.8609111963499412e-05
649,mn,2013,8,3.758739068333876e-05,601.31,217.0,4.679323986473519e-05
650,mo,2013,8,3.955289408526022e-05,287.83,273.0,6.002503901627536e-05
651,ms,2013,8,2.487067250298448e-05,129.59,97.0,0.00010048762396495157
653,ne,2013,8,3.223830555466005e-05,27.6,95.0,4.167154662410028e-05
657,nv,2013,8,2.079023690474953e-05,14.68,118.0,1.7458919384623396e-05
659,oh,2013,8,2.349145694015943e-05,284.19,289.0,4.970327659821832e-05
660,ok,2013,8,2.9809369084703323e-05,140.07,157.0,2.6314722064575994e-05
661,pa,2013,8,2.6380931862449823e-05,979.3199999999999,329.0,4.153399039517004e-05
664,tn,2013,8,3.1407281778280294e-05,334.42,114.0,2.6263504970713887e-05
665,tx,2013,8,4.092166502070636e-05,957.91,696.0,2.063441578632422e-05
666,ut,2013,8,3.416233943700464e-05,8.18,227.0,6.336797728579041e-05
667,va,2013,8,2.7640343845877443e-05,1336.3,203.0,3.7450958615399316e-05
668,ak,2013,9,0.00015873015873015873,9.1,37.0,3.8406643311275464e-05
670,ar,2013,9,2.854207101267268e-05,87.82,53.0,6.811971590222635e-05
671,az,2013,9,5.5534575826909837e-05,25.82,211.0,2.39685432748641e-05
672,ca,2013,9,2.339485313231089e-05,664.95,708.0,2.978419583260205e-05
673,co,2013,9,6.590220113351786e-05,568.45,285.0,3.6854936770506634e-05
674,ct,2013,9,4.6657024214995566e-05,131.66,147.0,4.591586214996183e-05
676,ga,2013,9,5.411167567626067e-05,1153.79,228.0,7.19709010283316e-05
677,ia,2013,9,2.52831715210356e-05,33.59,91.0,5.307555334180598e-05
678,il,2013,9,5.542430771575644e-05,974.3,10.0,6.657390702288145e-05
679,in,2013,9,3.2309829727197334e-05,756.47,160.0,3.2524053570368636e-05
680,ks,2013,9,8.53315129277242e-05,176.48999999999998,46.0,4.1179377367814196e-05
681,ky,2013,9,3.1173041553664394e-05,245.58,223.0,6.850478627274673e-05
682,la,2013,9,4.4229684752921926e-05,53.26,126.0,5.424555412479319e-05
683,ma,2013,9,3.762911490050235e-05,439.14,176.0,3.887259749125974e-05
684,md,2013,9,1.1186683372113836e-05,778.8000000000001,77.0,3.290596884360306e-05
685,mi,2013,9,1.17356429078576e-05,569.1,132.0,2.8128520060535986e-05
686,mn,2013,9,6.797634423220719e-05,601.31,187.0,4.536521545687503e-05
687,mo,2013,9,1.7649758198312683e-05,287.83,298.0,7.116465495172266e-05
688,ms,2013,9,0.00017164435290078958,129.59,78.0,0.00010070012406771696
690,ne,2013,9,3.6060726263026935e-05,27.6,110.0,4.862725265747936e-05
692,nv,2013,9,1.2242899118511263e-05,14.68,118.0,1.7860164598066078e-05
694,oh,2013,9,4.776834956009693e-05,284.19,260.0,5.297975460185205e-05
695,ok,2013,9,1.725298045237315e-05,140.07,141.0,2.4498263403243154e-05
696,or,2013,9,5.030265430339207e-05,62.7,105.0,2.7937739815563022e-05
697,pa,2013,9,4.0632650366201764e-05,979.3199999999999,339.0,4.4004977365345415e-05
699,tn,2013,9,3.5652530438347865e-05,334.42,144.0,2.4527805674371576e-05
700,tx,2013,9,4.080513426521379e-05,957.91,634.0,1.92018941669128e-05
701,va,2013,9,1.0595465140919687e-05,1336.3,206.0,4.16309553233159e-05
702,al,2013,10,5.420935653493793e-05,80.84,2.0,2.3770189804965593e-05
703,az,2013,10,8.079175924055746e-05,25.82,266.0,2.6052741326249076e-05
704,ca,2013,10,2.83488228151326e-05,664.95,777.0,3.139988570764896e-05
705,ia,2013,10,9.905894006934126e-05,33.59,89.0,5.342682026377241e-05
706,il,2013,10,5.256725322960062e-05,974.3,11.0,7.32312977251696e-05
707,ks,2013,10,7.889546351084812e-05,176.48999999999998,50.0,3.304424028978477e-05
708,ky,2013,10,6.0990485484264454e-05,245.58,233.0,7.972249727814392e-05
709,ma,2013,10,4.761337935960005e-05,439.14,139.0,4.063570615648489e-05
710,md,2013,10,8.595126563238644e-05,778.8000000000001,70.0,3.189836270261156e-05
711,mi,2013,10,4.432427640618767e-05,569.1,119.0,2.6223444905644077e-05
714,oh,2013,10,1.6812091256031338e-05,284.19,253.0,5.033301356285718e-05
715,or,2013,10,0.00012438584489085142,62.7,123.0,3.2917273272244585e-05
716,pa,2013,10,3.845118621909486e-05,979.3199999999999,324.0,4.111736698595233e-05
718,tn,2013,10,3.4127363319909904e-05,334.42,107.0,2.6438266400867373e-05
719,tx,2013,10,1.866193897545955e-05,957.91,736.0,2.1336955049529567e-05
721,ar,2013,11,2.9068077437358294e-05,87.82,35.0,6.135399502156154e-05
722,az,2013,11,2.2244714099812034e-05,25.82,241.0,2.4117325886917163e-05
723,ca,2013,11,1.2758698561711911e-05,664.95,643.0,2.824927511832844e-05
724,co,2013,11,1.2993425326784647e-05,568.45,242.0,3.2008990029067336e-05
725,ct,2013,11,1.5692182154850453e-05,131.66,125.0,3.410095957372164e-05
727,ga,2013,11,1.5647901355629855e-05,1153.79,201.0,5.947943949653762e-05
729,ia,2013,11,2.5114269928173187e-05,33.59,62.0,5.407824074760551e-05
730,id,2013,11,0.00011391467790624822,19.75,70.0,4.8060121839274595e-05
731,il,2013,11,1.6369184028914525e-05,974.3,10.0,2.2191302340960483e-05
732,in,2013,11,1.0567026650041212e-05,756.47,156.0,2.966109348663302e-05
733,ks,2013,11,4.032501965844708e-05,176.48999999999998,26.0,2.7692156942104222e-05
734,la,2013,11,2.0912189715385097e-05,53.26,103.0,4.522836371684058e-05
735,ma,2013,11,6.124148743324678e-06,439.14,140.0,3.975592136051578e-05
736,md,2013,11,7.626269229093128e-05,778.8000000000001,77.0,3.3480983019054156e-05
737,me,2013,11,9.541984732824427e-05,5.09,10.0,5.738321082017823e-05
738,mi,2013,11,3.934617892393821e-05,569.1,111.0,2.524770041215165e-05
739,mn,2013,11,3.891656288916563e-05,601.31,180.0,4.225325332445076e-05
740,mo,2013,11,1.7376949476519398e-05,287.83,261.0,5.525046666534009e-05
744,nv,2013,11,2.5079313328401068e-05,14.68,111.0,1.7191593651438736e-05
746,oh,2013,11,3.857197959970857e-05,284.19,254.0,5.7312771135663845e-05
747,ok,2013,11,5.1742872419324235e-05,140.07,116.0,2.0221593803266904e-05
748,or,2013,11,3.0871343675233464e-05,62.7,115.0,3.580188915672853e-05
749,pa,2013,11,4.970920117313715e-05,979.3199999999999,239.0,3.181759968560484e-05
752,tn,2013,11,1.7137520029476534e-05,334.42,91.0,2.1194098817602187e-05
753,tx,2013,11,2.099998707693103e-05,957.91,603.0,1.8642996965334383e-05
754,ut,2013,11,7.229351165732875e-05,8.18,186.0,5.3187595508908066e-05
755,va,2013,11,1.0338268133322306e-05,1336.3,171.0,3.417064741387148e-05
756,ak,2013,12,0.0001528350909368791,9.1,21.0,2.2559541074478715e-05
758,az,2013,12,3.380700706566448e-05,25.82,211.0,2.3024467916549727e-05
759,ca,2013,12,2.3278370514064016e-05,664.95,576.0,2.6613474217180367e-05
760,co,2013,12,2.5913784837844492e-05,568.45,244.0,3.613309001744902e-05
762,ga,2013,12,2.5477447363593747e-05,1153.79,165.0,6.232913788980737e-05
763,ia,2013,12,2.5130047998391677e-05,33.59,80.0,5.354870622978955e-05
764,id,2013,12,0.00010813148788927336,19.75,64.0,5.0591965521575496e-05
765,il,2013,12,2.8497155034022436e-05,974.3,119.0,1.406273634851006e-05
766,in,2013,12,1.0478226245861101e-05,756.47,104.0,2.566060640454193e-05
767,ks,2013,12,4.0759761962990134e-05,176.48999999999998,30.0,2.811544953323668e-05
768,ky,2013,12,4.464551461396512e-05,245.58,223.0,7.018484737470903e-05
769,la,2013,12,1.9866891824774016e-05,53.26,108.0,4.8929198091217615e-05
770,ma,2013,12,2.3898003321822462e-05,439.14,116.0,4.029092828909436e-05
771,md,2013,12,7.197203372403867e-05,778.8000000000001,54.0,2.3330719428656604e-05
772,mi,2013,12,2.794482573606671e-05,569.1,103.0,2.677044937448116e-05
773,mn,2013,12,2.6656004264960682e-05,601.31,164.0,4.234150593245807e-05
774,mo,2013,12,3.4330343732566626e-05,287.83,224.0,4.8285696116989345e-05
775,ms,2013,12,8.614253718486189e-05,129.59,85.0,0.00012144661492564609
778,nv,2013,12,2.5678226148137686e-05,14.68,87.0,1.3007270466155156e-05
780,oh,2013,12,1.2534784025671238e-05,284.19,288.0,5.6544284285813294e-05
781,ok,2013,12,3.186387751525483e-05,140.07,85.0,1.670813888827189e-05
782,or,2013,12,4.47360572621533e-05,62.7,104.0,3.223797577750093e-05
783,pa,2013,12,2.3946474839438888e-05,979.3199999999999,208.0,2.9738322775752173e-05
784,tn,2013,12,1.680361613819294e-05,334.42,104.0,2.4163855101442883e-05
785,tx,2013,12,2.9572398679514577e-05,957.91,497.0,1.5431647875504545e-05
786,va,2013,12,4.204860819106888e-05,1336.3,153.0,3.223739533644989e-05
787,az,2014,2,1.3273866411808432e-05,27.419999999999998,232.0,2.1868128211704594e-05
788,ca,2014,2,1.9652832710174764e-05,676.79,673.0,2.880949862439995e-05
789,co,2014,2,1.6196692635363857e-05,584.38,243.0,3.091259317984234e-05
790,ct,2014,2,2.0282330034074315e-05,131.98,128.0,3.2363392351013354e-05
792,ga,2014,2,2.6867636588347505e-05,1199.4,213.0,6.813213668138278e-05
793,ia,2014,2,6.386715631486508e-05,34.02,68.0,4.286494139479998e-05
794,il,2014,2,3.257514679175523e-05,961.29,6.0,4.011070554731058e-05
795,in,2014,2,1.3425341674945628e-05,767.89,158.0,3.208537471453155e-05
796,ks,2014,2,5.317169139150316e-05,180.45000000000002,32.0,3.286156449800879e-05
797,la,2014,2,4.039968757574941e-05,52.050000000000004,102.0,4.958140172455781e-05
798,ma,2014,2,2.2648859629917634e-05,440.09000000000003,97.0,3.158957778412464e-05
799,mi,2014,2,4.4361308067103875e-05,570.79,133.0,3.186354544472286e-05
800,mn,2014,2,3.21166476643168e-05,600.78,184.0,4.323062457444854e-05
801,mo,2014,2,1.0961426739304388e-05,292.17,255.0,5.195049667730735e-05
802,ms,2014,2,7.864417443277889e-05,129.41,92.0,0.00011841752991329777
804,ne,2014,2,4.31462225482159e-05,27.75,77.0,3.276477233802182e-05
806,nv,2014,2,1.7238704338981883e-05,15.18,106.0,1.569497497243755e-05
808,oh,2014,2,2.7041497882650717e-05,276.84,197.0,5.5294349787565845e-05
809,ok,2014,2,4.410921441489127e-05,148.88,105.0,1.960954226472658e-05
810,or,2014,2,3.6150022593764124e-05,63.8,136.0,3.238611873798916e-05
811,pa,2014,2,3.101159833777833e-05,991.89,264.0,3.541313038390248e-05
812,tn,2014,2,4.2518814575449636e-05,339.54,104.0,2.01519066222653e-05
813,tx,2014,2,3.362503047268386e-05,975.31,628.0,1.940365942511592e-05
814,va,2014,2,1.32805652208558e-05,1351.4,160.0,3.539660904909886e-05
815,al,2014,3,1.8772292096865026e-05,80.66,14.0,0.00010258815253392737
816,az,2014,3,2.6954904444863743e-05,27.419999999999998,246.0,2.9414142032521998e-05
817,ca,2014,3,2.7434131412537704e-05,676.79,724.0,2.8199735140609176e-05
818,co,2014,3,4.631416441528367e-05,584.38,326.0,4.0874467863954226e-05
821,ga,2014,3,3.453205610768476e-05,1199.4,210.0,7.011915581878806e-05
822,ia,2014,3,3.099141537794031e-05,34.02,83.0,5.3235704609827185e-05
823,il,2014,3,3.5437535437535435e-05,961.29,6.0,4.011070554731058e-05
824,in,2014,3,1.3227688196933821e-05,767.89,155.0,3.170487547347652e-05
825,ks,2014,3,2.547575981453647e-05,180.45000000000002,41.0,4.345434485156102e-05
826,ky,2014,3,3.5520824083118726e-05,254.02,257.0,7.859490656074805e-05
827,ma,2014,3,3.0039953137673105e-05,440.09000000000003,150.0,3.594240875959632e-05
828,md,2014,3,3.9040133256988186e-05,783.16,93.0,4.044911566489865e-05
829,mi,2014,3,5.666846116793698e-05,570.79,104.0,3.422208752759567e-05
830,mn,2014,3,3.168065895770632e-05,600.78,240.0,4.93745682296872e-05
831,mo,2014,3,2.111419612976785e-05,292.17,321.0,6.530505292252319e-05
836,oh,2014,3,2.0945917640651837e-05,276.84,246.0,4.4952599676450925e-05
837,or,2014,3,1.7675026954416105e-05,63.8,106.0,3.4208445613412294e-05
838,pa,2014,3,3.6623776155480135e-05,991.89,264.0,3.463021294563935e-05
840,tn,2014,3,2.0470829068577278e-05,339.54,121.0,2.57859713234426e-05
841,tx,2014,3,2.7806632676368534e-05,975.31,671.0,2.1317786112011972e-05
842,al,2014,4,4.8035354020559135e-05,80.66,12.0,0.0004513144533453684
843,az,2014,4,1.173557404560444e-05,27.419999999999998,301.0,2.5177225501534932e-05
844,ca,2014,4,2.141923876025446e-05,676.79,779.0,2.8810813515666703e-05
845,co,2014,4,1.3402849445792175e-05,584.38,290.0,3.838509916922733e-05
847,de,2014,4,0.00013842746400885935,80.67,17.0,6.229456534883125e-05
849,ga,2014,4,1.7392211767570482e-05,1199.4,257.0,8.036476220942431e-05
850,ia,2014,4,2.9875717017208412e-05,34.02,89.0,5.584979542659203e-05
851,il,2014,4,3.092230941549964e-05,961.29,12.0,4.011070554731058e-05
852,in,2014,4,1.1862959096517035e-05,767.89,177.0,3.7779197877193274e-05
853,la,2014,4,3.4073872154831676e-05,52.050000000000004,134.0,4.012990108877812e-05
854,ma,2014,4,3.927138490538869e-05,440.09000000000003,134.0,3.839470038523638e-05
855,md,2014,4,3.55551341613729e-05,783.16,99.0,4.16310980096971e-05
856,mi,2014,4,1.9402656870480797e-05,570.79,149.0,3.6373374397001464e-05
857,mn,2014,4,4.3083639705882356e-05,600.78,212.0,4.4273809285136695e-05
858,mo,2014,4,1.9334132477475734e-05,292.17,306.0,6.05563346081827e-05
860,ne,2014,4,7.416471984277079e-05,27.75,102.0,4.9513024838063286e-05
863,nv,2014,4,4.3282548476454294e-05,15.18,115.0,1.7189807311228635e-05
865,oh,2014,4,4.3254258141412586e-05,276.84,274.0,5.291483492502702e-05
866,or,2014,4,1.4183994780289921e-05,63.8,122.0,3.0095078245970036e-05
867,pa,2014,4,2.2173932325158542e-05,991.89,290.0,3.7149243884786105e-05
869,tn,2014,4,1.8398586988519283e-05,339.54,110.0,2.7363435932121763e-05
870,tx,2014,4,4.500333197746372e-05,975.31,675.0,2.0173926744855625e-05
871,va,2014,4,1.1960148784250876e-05,1351.4,180.0,3.730186492746031e-05
872,al,2014,5,3.217710277366626e-05,80.66,20.0,0.00014780218156019984
873,az,2014,5,7.166232711463584e-05,27.419999999999998,265.0,2.384660710474114e-05
874,ca,2014,5,1.577106718868899e-05,676.79,845.0,2.9838511503911477e-05
875,co,2014,5,1.3130941751142392e-05,584.38,309.0,3.7395537562667784e-05
876,ct,2014,5,3.8669760247486464e-05,131.98,141.0,3.735309108749948e-05
878,ga,2014,5,2.2537115812603883e-05,1199.4,217.0,8.595792181473414e-05
879,ia,2014,5,3.196011377800505e-05,34.02,92.0,6.71070444890528e-05
880,il,2014,5,4.554005247615278e-05,961.29,14.0,4.6795823138529006e-05
881,ks,2014,5,2.589197866500958e-05,180.45000000000002,40.0,3.6655480635825967e-05
882,ky,2014,5,1.8571481632804665e-05,254.02,242.0,7.447210204278206e-05
883,la,2014,5,3.229835063089445e-05,52.050000000000004,161.0,4.5721789442924014e-05
884,md,2014,5,3.5510102624196586e-05,783.16,88.0,3.705551800877121e-05
885,mi,2014,5,1.3536379018612521e-05,570.79,160.0,2.996396645758685e-05
886,mn,2014,5,1.4704368667931243e-05,600.78,209.0,4.435285262056389e-05
889,ne,2014,5,3.7740121523191305e-05,27.75,102.0,4.7987353920849096e-05
893,oh,2014,5,1.9807765634517014e-05,276.84,327.0,6.522557377062261e-05
894,ok,2014,5,1.9092349695477022e-05,148.88,165.0,2.7363774011711697e-05
895,or,2014,5,2.943773918163085e-05,63.8,150.0,3.4357822520315784e-05
896,pa,2014,5,3.9179031382404134e-05,991.89,290.0,3.873182392299152e-05
899,tx,2014,5,3.2234531666185974e-05,975.31,730.0,2.206219708112297e-05
900,va,2014,5,1.2131505519835012e-05,1351.4,193.0,3.668119216535349e-05
901,al,2014,6,1.5242740644767929e-05,80.66,10.0,7.850094593639853e-05
902,ar,2014,6,2.0418580908626852e-05,89.55,50.0,5.04476726470701e-05
903,az,2014,6,3.269826045254392e-05,27.419999999999998,243.0,2.421422594742643e-05
904,ca,2014,6,1.716616108235098e-05,676.79,728.0,2.773522778146332e-05
905,co,2014,6,2.499562576549104e-05,584.38,311.0,4.074722283437682e-05
906,ct,2014,6,1.8876828692779613e-05,131.98,146.0,3.780272930527128e-05
907,de,2014,6,0.00013557483731019523,80.67,18.0,0.0001064912322218804
909,ga,2014,6,5.090042858160866e-06,1199.4,242.0,8.33570430156787e-05
910,il,2014,6,4.937800177102433e-05,961.29,12.0,4.011070554731058e-05
911,ky,2014,6,7.219174126479931e-05,254.02,227.0,8.718074373239582e-05
912,la,2014,6,3.951046533450548e-05,52.050000000000004,154.0,4.210544735123927e-05
913,ma,2014,6,1.3159106759833142e-05,440.09000000000003,123.0,3.5278062838547506e-05
914,md,2014,6,3.3537539686088626e-05,783.16,88.0,3.708051612707493e-05
915,mi,2014,6,1.3106503447010407e-05,570.79,137.0,2.811630216035815e-05
916,mn,2014,6,4.4912196655538424e-05,600.78,232.0,4.8331883376832026e-05
917,mo,2014,6,4.917097732234526e-05,292.17,339.0,7.713164916339463e-05
918,ms,2014,6,2.9952674773857304e-05,129.41,121.0,0.00012938063032959983
920,ne,2014,6,6.935774726036899e-05,27.75,88.0,4.318397403465416e-05
923,nv,2014,6,3.862544902084487e-05,15.18,127.0,1.8354067890107402e-05
925,oh,2014,6,1.9110593001700843e-05,276.84,264.0,5.517296725233607e-05
926,ok,2014,6,1.890144785090538e-05,148.88,178.0,3.0212505940661282e-05
927,or,2014,6,3.0566551023215295e-05,63.8,149.0,4.066838074338525e-05
928,pa,2014,6,5.500368524691154e-06,991.89,274.0,3.4308036331960055e-05
931,tn,2014,6,2.6451061128402268e-05,339.54,149.0,2.9293048641598764e-05
932,tx,2014,6,2.9544807811025188e-05,975.31,696.0,2.096034203905279e-05
933,al,2014,7,3.829510205644698e-05,80.66,22.0,2.7946089452891786e-05
934,az,2014,7,6.292395011389235e-05,27.419999999999998,251.0,2.3269605824929313e-05
935,ca,2014,7,2.564654220494722e-05,676.79,771.0,2.8334800176815033e-05
936,co,2014,7,2.9537734455767243e-05,584.38,320.0,3.770024721937114e-05
938,ga,2014,7,2.4776699991328154e-05,1199.4,244.0,8.517349386907926e-05
939,ia,2014,7,7.863180656575585e-05,34.02,82.0,4.918275652556214e-05
940,il,2014,7,1.1694082794106183e-05,961.29,13.0,2.896884289527986e-05
941,in,2014,7,1.4757315939376946e-05,767.89,152.0,2.8539863053720283e-05
942,ks,2014,7,3.0350855894136214e-05,180.45000000000002,54.0,3.675126945009892e-05
943,ky,2014,7,4.442272666696282e-05,254.02,218.0,5.578859092606246e-05
944,la,2014,7,1.2017064231208316e-05,52.050000000000004,173.0,5.057243317130666e-05
945,ma,2014,7,3.1220730565095225e-05,440.09000000000003,140.0,3.4414133786419984e-05
946,md,2014,7,2.7276198788936773e-05,783.16,71.0,3.068884793200389e-05
947,mi,2014,7,2.346866932644919e-05,570.79,149.0,3.12537494011446e-05
948,mn,2014,7,1.82618382366369e-05,600.78,226.0,5.06373585402818e-05
949,mo,2014,7,1.189824619851034e-05,292.17,310.0,5.957061500702933e-05
951,ne,2014,7,4.2268999915462003e-05,27.75,87.0,3.5970509143951496e-05
954,nv,2014,7,4.463621484898081e-05,15.18,152.0,2.085926160135179e-05
956,oh,2014,7,3.8943193008027864e-05,276.84,335.0,6.804797971642071e-05
957,ok,2014,7,0.00013478905512872354,148.88,144.0,2.4947731038511674e-05
958,pa,2014,7,1.3260489046836048e-05,991.89,296.0,3.887006302596875e-05
960,tn,2014,7,4.3007977979915275e-05,339.54,156.0,2.5702447054194762e-05
961,tx,2014,7,2.6201331027616202e-05,975.31,694.0,2.0360563876135012e-05
962,ut,2014,7,4.6356387910254036e-05,7.9799999999999995,174.0,5.194156991305459e-05
963,va,2014,7,2.8137310073157006e-05,1351.4,194.0,3.677383522668037e-05
964,al,2014,8,9.305788200260562e-05,80.66,9.0,0.00018019100246261037
965,ca,2014,8,2.5982461838259174e-05,676.79,738.0,2.9448121846272743e-05
966,ct,2014,8,0.0001097333479644464,131.98,148.0,3.5255286387266936e-05
968,ga,2014,8,2.223506915106506e-05,1199.4,210.0,7.511146004159745e-05
969,il,2014,8,1.3378642335375807e-05,961.29,17.0,3.788233301690443e-05
970,in,2014,8,5.248517293864483e-05,767.89,166.0,3.3468045577026405e-05
971,ma,2014,8,5.4075976747329996e-05,440.09000000000003,144.0,3.380212657628823e-05
972,mi,2014,8,8.173496076721883e-05,570.79,147.0,3.7456810004790396e-05
973,mn,2014,8,6.642752756742394e-05,600.78,221.0,5.033134422039025e-05
975,nv,2014,8,0.0001034340091021928,15.18,120.0,1.675602983187698e-05
977,oh,2014,8,2.0371577574967405e-05,276.84,296.0,5.924408945136971e-05
978,or,2014,8,6.268413464552121e-05,63.8,119.0,3.602974058284009e-05
979,pa,2014,8,2.2842001873044152e-05,991.89,324.0,3.871564434661973e-05
981,tn,2014,8,3.847189627976763e-05,339.54,137.0,3.04939870086712e-05
982,tx,2014,8,1.980969486466677e-05,975.31,712.0,2.1417662129220635e-05
983,ut,2014,8,0.00016931933626820184,7.9799999999999995,230.0,6.40898461620771e-05
984,va,2014,8,0.00010342866008170864,1351.4,182.0,3.63408516298872e-05
985,ca,2014,9,1.8674252563041164e-05,676.79,783.0,2.7267153224581154e-05
986,co,2014,9,4.5093117287198064e-05,584.38,291.0,3.673062592015898e-05
988,ga,2014,9,3.336914955385447e-05,1199.4,222.0,7.331233034139769e-05
990,ia,2014,9,7.271140841998109e-05,34.02,64.0,4.2698690684680175e-05
991,il,2014,9,2.088511100436499e-05,961.29,10.0,2.2283725304061433e-05
992,in,2014,9,2.9971527049303162e-05,767.89,128.0,2.799991162527893e-05
993,ky,2014,9,2.226179875333927e-05,254.02,212.0,6.553987544950462e-05
994,la,2014,9,2.6464478054331573e-05,52.050000000000004,117.0,5.868303237798694e-05
995,ma,2014,9,3.2465687826178706e-05,440.09000000000003,124.0,3.199933936847756e-05
996,md,2014,9,1.3810437928986728e-05,783.16,77.0,3.179202565162298e-05
997,mi,2014,9,3.247069519758418e-05,570.79,116.0,2.8217713280301872e-05
998,mo,2014,9,2.225907335477624e-05,292.17,285.0,5.808706456102077e-05
1001,ne,2014,9,8.455587029129497e-05,27.75,74.0,3.79117394213439e-05
1005,oh,2014,9,2.323217656454189e-05,276.84,267.0,5.46675099522509e-05
1006,or,2014,9,1.8071091674648064e-05,63.8,139.0,3.05262640069433e-05
1007,pa,2014,9,3.8614262821544184e-05,991.89,328.0,4.2481455808406564e-05
1009,tn,2014,9,4.376511264045866e-05,339.54,137.0,2.8477822947346585e-05
1010,tx,2014,9,2.2719574359101462e-05,975.31,640.0,2.0260582751342817e-05
1011,ut,2014,9,8.963384574015148e-05,7.9799999999999995,205.0,5.679919627751921e-05
1012,va,2014,9,1.4056987025400975e-05,1351.4,194.0,4.1322287644444296e-05
1013,az,2014,10,1.3964335088184777e-05,27.419999999999998,285.0,2.4401679383509122e-05
1014,ca,2014,10,2.4038230401630753e-05,676.79,808.0,3.137903438555754e-05
1015,co,2014,10,1.5144172522413376e-05,584.38,263.0,3.627124436433817e-05
1017,ga,2014,10,7.326758788447166e-06,1199.4,209.0,7.647467133271934e-05
1018,id,2014,10,8.531695247845747e-05,20.52,77.0,5.630964160010062e-05
1019,il,2014,10,9.011200922746974e-06,961.29,17.0,3.788233301690443e-05
1020,la,2014,10,1.4869004074107116e-05,52.050000000000004,119.0,6.436057498331492e-05
1021,ma,2014,10,1.7736156929516512e-05,440.09000000000003,166.0,4.013122426826998e-05
1022,mi,2014,10,1.7402199638034247e-05,570.79,142.0,3.3461926101457034e-05
1023,mn,2014,10,1.9365583485030405e-05,600.78,183.0,4.334166614364565e-05
1024,mo,2014,10,2.2270970902976514e-05,292.17,275.0,5.663995320510048e-05
1027,oh,2014,10,1.9075960474609896e-05,276.84,252.0,6.014710262814197e-05
1028,ok,2014,10,2.5648259765574904e-05,148.88,163.0,2.6810947946297836e-05
1029,tn,2014,10,2.3666398447484262e-05,339.54,142.0,2.59100541593118e-05
1030,tx,2014,10,1.7885688095956718e-05,975.31,673.0,2.0396386342228147e-05
1031,va,2014,10,1.5595271513677053e-05,1351.4,180.0,3.913863687955476e-05
1032,az,2014,11,3.748172765776684e-05,27.419999999999998,235.0,2.073428301643408e-05
1033,ca,2014,11,1.7159354636672116e-05,676.79,622.0,2.679089602280965e-05
1034,co,2014,11,1.342299896642908e-05,584.38,263.0,3.336603543117735e-05
1035,ct,2014,11,2.37749934618768e-05,131.98,132.0,3.270547898536702e-05
1038,ga,2014,11,1.8976172253040932e-05,1199.4,204.0,7.594190295518237e-05
1039,il,2014,11,2.2726584042907792e-05,961.29,8.0,2.6740470364873717e-05
1040,in,2014,11,4.280944090870173e-05,767.89,110.0,2.5685913121368508e-05
1041,ky,2014,11,4.0388537732991375e-05,254.02,251.0,6.580592861603578e-05
1042,ma,2014,11,6.134875231974969e-05,440.09000000000003,109.0,3.6391353280914205e-05
1043,md,2014,11,2.5582317502142518e-05,783.16,66.0,2.671796515977343e-05
1044,mi,2014,11,1.487398020273235e-05,570.79,115.0,2.7433088312120796e-05
1045,mt,2014,11,0.00020387359836901122,6.85,24.0,7.16125047368688e-05
1048,nv,2014,11,1.4727540500736377e-05,15.18,82.0,1.3528386266444208e-05
1050,oh,2014,11,1.0807889759524452e-05,276.84,191.0,5.471636440411158e-05
1051,ok,2014,11,2.351226164444758e-05,148.88,128.0,2.1614301237503177e-05
1052,or,2014,11,1.6146220169858237e-05,63.8,107.0,3.0543171774227155e-05
1053,pa,2014,11,1.8646048280834348e-05,991.89,202.0,2.7853781985139042e-05
1055,tn,2014,11,4.06934158053227e-05,339.54,102.0,2.27952317738713e-05
1056,tx,2014,11,3.172349799150603e-05,975.31,542.0,1.7597088935005672e-05
1057,va,2014,11,2.6746192010912447e-05,1351.4,159.0,3.3891050716358764e-05
1058,az,2014,12,5.058296871443385e-05,27.419999999999998,221.0,2.243920903514244e-05
1059,ca,2014,12,2.8073130504965437e-05,676.79,579.0,2.4478241422257696e-05
1060,co,2014,12,1.3711966433106171e-05,584.38,229.0,3.0476310125334824e-05
1061,ct,2014,12,2.3788001332128076e-05,131.98,133.0,3.9734596793925926e-05
1064,ga,2014,12,6.205629747306756e-06,1199.4,167.0,6.940822217280985e-05
1066,ia,2014,12,0.00010842067220816769,34.02,73.0,5.628707332663543e-05
1067,il,2014,12,3.3912355401484606e-05,961.29,113.0,1.3338786890451377e-05
1068,in,2014,12,4.37120251781265e-05,767.89,118.0,2.5289592625383335e-05
1069,ks,2014,12,3.067578760084665e-05,180.45000000000002,33.0,3.623494739893469e-05
1070,ky,2014,12,8.084401147984962e-05,254.02,208.0,5.738049752753505e-05
1071,la,2014,12,3.733200597312096e-05,52.050000000000004,106.0,5.7683150806067615e-05
1072,ma,2014,12,3.104360850905309e-05,440.09000000000003,99.0,3.699153454336753e-05
1073,md,2014,12,3.81208940620354e-05,783.16,65.0,2.8778010412326906e-05
1074,mi,2014,12,3.723895492596896e-05,570.79,114.0,2.8056614309906963e-05
1075,mn,2014,12,1.7557412739658685e-05,600.78,172.0,4.253842617221187e-05
1076,mo,2014,12,1.0997228698368011e-05,292.17,229.0,5.344230273314204e-05
1077,ms,2014,12,7.82625709254549e-05,129.41,93.0,0.00011565107201082395
1082,nv,2014,12,1.4670715784223112e-05,15.18,96.0,1.3404823865501583e-05
1084,oh,2014,12,6.025482312470557e-05,276.84,200.0,4.475406299760924e-05
1085,ok,2014,12,9.116601331023795e-05,148.88,123.0,2.170679659213882e-05
1086,pa,2014,12,6.208288064566196e-06,991.89,224.0,4.136323624483121e-05
1088,tn,2014,12,3.152187618207036e-05,339.54,95.0,2.6106984222862407e-05
1089,tx,2014,12,4.7905339050037127e-05,975.31,518.0,1.7231023146553144e-05
1090,va,2014,12,6.702143345441873e-05,1351.4,144.0,3.201362357536596e-05
1091,ak,2015,3,0.0005482456140350877,9.01,44.0,3.034564377938441e-05
1092,ca,2015,3,2.6180294964656602e-05,683.24,1467.0,2.572664983847978e-05
1095,ga,2015,3,2.1571249838215627e-05,1227.16,790.0,5.730044268581246e-05
1096,ia,2015,3,0.00011798017932987259,33.56,155.0,7.231366401672078e-05
1097,il,2015,3,1.2128709869131221e-05,979.39,11.0,2.474501387970324e-05
1098,ma,2015,3,2.399232245681382e-05,453.48,202.0,5.33949119406883e-05
1099,mi,2015,3,2.4171521113823693e-05,574.27,453.0,5.793925050399474e-05
1100,ms,2015,3,0.00027159152634437803,132.49,227.0,0.0001431291693463978
1102,tx,2015,3,6.403565505273336e-06,966.87,1183.0,2.579346351771866e-05
1103,al,2015,4,2.9549081023580167e-05,85.1,298.0,8.244086942472872e-05
1104,ar,2015,4,0.000163594721343658,93.05,120.0,7.047688182084072e-05
1105,ca,2015,4,2.5665798307157276e-05,683.24,1413.0,2.4682020292358792e-05
1107,ga,2015,4,8.982708286548395e-06,1227.16,831.0,6.018433353274071e-05
1108,id,2015,4,0.00010123506782749544,19.5,160.0,7.61167516795637e-05
1109,il,2015,4,1.557074568301076e-05,979.39,9.0,3.0368880670544886e-05
1110,in,2015,4,1.8379312246135748e-05,780.34,320.0,4.639867276596553e-05
1111,la,2015,4,3.539572419651706e-05,49.4,307.0,4.8883108545340596e-05
1112,md,2015,4,5.136282700999863e-05,788.36,288.0,2.0221156258353074e-05
1113,mo,2015,4,1.4925818681154661e-05,291.39,607.0,7.145285430021405e-05
1116,nv,2015,4,3.657042549690066e-05,14.01,192.0,2.568642282581154e-05
1118,oh,2015,4,7.6994741259172e-06,277.14,346.0,5.648231719849013e-05
1119,ok,2015,4,6.116394996788892e-05,160.09,227.0,3.566408890193255e-05
1120,pa,2015,4,2.4908047790241026e-05,1013.6899999999999,701.0,5.710815233131201e-05
1121,tx,2015,4,3.211389728905184e-05,966.87,1293.0,2.6337340594671894e-05
1122,ca,2015,5,1.7764246584140356e-05,683.24,1399.0,2.4838857247802775e-05
1123,co,2015,5,1.429940085510417e-05,606.7,488.0,4.837691964920785e-05
1125,ga,2015,5,2.040344410136431e-05,1227.16,922.0,6.0540426395021816e-05
1126,il,2015,5,3.637171896785144e-05,979.39,10.0,2.2495467163366582e-05
1127,ks,2015,5,3.211613193306998e-05,182.74,57.0,3.426248792547849e-05
1128,la,2015,5,1.3345967515915066e-05,49.4,334.0,5.101133795713948e-05
1129,ma,2015,5,2.4613163119636382e-05,453.48,255.0,5.5946375727961076e-05
1130,md,2015,5,2.6952724920489463e-05,788.36,303.0,2.0895836942405282e-05
1131,mi,2015,5,2.4692577411230185e-05,574.27,476.0,5.8637631019996666e-05
1132,mo,2015,5,1.1697821865568631e-05,291.39,650.0,7.656220166507477e-05
1135,nv,2015,5,1.4155684214996532e-05,14.01,193.0,2.6258131857726094e-05
1137,oh,2015,5,1.8081111867839128e-05,277.14,396.0,6.044757767780861e-05
1138,pa,2015,5,3.36157052574963e-05,1013.6899999999999,770.0,5.8372226040001654e-05
1139,tn,2015,5,5.587591077734567e-05,341.75,487.0,5.9473593968522714e-05
1140,tx,2015,5,2.9790394782311657e-05,966.87,1203.0,2.7009916074375653e-05
1141,va,2015,5,2.859880171020834e-05,1364.69,358.0,2.6126174975459276e-05
1142,al,2015,6,4.8625124601881794e-05,85.1,253.0,6.510091671354104e-05
1143,ar,2015,6,4.504098729844158e-05,93.05,92.0,7.489892715428039e-05
1144,az,2015,6,2.532414910858995e-05,29.0,448.0,3.193679480188744e-05
1145,ca,2015,6,8.597971738466895e-06,683.24,1396.0,2.4592165101790513e-05
1146,co,2015,6,3.127345509131849e-05,606.7,498.0,4.6031366031624844e-05
1147,ct,2015,6,2.9886431560071728e-05,135.1,211.0,4.492731250565584e-05
1150,ga,2015,6,2.804439427613913e-05,1227.16,815.0,5.744678031589949e-05
1151,il,2015,6,2.9525524816203607e-05,979.39,10.0,2.2495467163366582e-05
1152,la,2015,6,1.351990806462516e-05,49.4,410.0,5.48480675086068e-05
1153,ma,2015,6,5.233227505843771e-05,453.48,255.0,5.6813270154006295e-05
1154,mi,2015,6,8.700721289794923e-06,574.27,485.0,6.58063894612085e-05
1155,mo,2015,6,2.495757212738345e-05,291.39,603.0,7.713182186514467e-05
1156,ms,2015,6,4.8725819811918335e-05,132.49,223.0,0.0001375097659682445
1158,ne,2015,6,4.529395778603134e-05,26.26,127.0,8.906049591969689e-05
1160,nv,2015,6,1.5752000504064016e-05,14.01,166.0,2.3943738560914962e-05
1162,oh,2015,6,4.3817369205152925e-05,277.14,376.0,5.64222218920922e-05
1163,ok,2015,6,7.168972686214065e-05,160.09,237.0,3.748697446267088e-05
1164,or,2015,6,1.827184856291911e-05,64.18,147.0,5.763896676466598e-05
1165,pa,2015,6,2.7957169616148062e-05,1013.6899999999999,741.0,5.858232203722278e-05
1167,tn,2015,6,3.477857639693949e-05,341.75,461.0,4.9226413847208685e-05
1168,tx,2015,6,8.551521850207268e-06,966.87,1289.0,2.7878990818598327e-05
1169,va,2015,6,1.4636359644629189e-05,1364.69,326.0,2.3268767974409494e-05
1170,ak,2015,7,0.00014669209329617132,9.01,72.0,4.448483777553569e-05
1171,al,2015,7,1.9739439399921042e-05,85.1,239.0,5.690939595557543e-05
1172,az,2015,7,1.978024151674892e-05,29.0,459.0,3.4313552156113354e-05
1173,ca,2015,7,2.339965836498787e-05,683.24,1407.0,2.4514795654890988e-05
1174,ct,2015,7,2.4582708522825045e-05,135.1,314.0,6.39545718862627e-05
1176,ga,2015,7,1.1103400416377515e-05,1227.16,840.0,6.115958129276939e-05
1177,id,2015,7,8.182636445462728e-05,19.5,198.0,8.82151272904189e-05
1178,il,2015,7,2.4794383717882416e-05,979.39,11.0,2.474501387970324e-05
1179,in,2015,7,2.6906674200535443e-05,780.34,350.0,4.796465416113931e-05
1180,ks,2015,7,2.712967986977754e-05,182.74,120.0,6.0878785265304674e-05
1181,ky,2015,7,1.94908977507504e-05,258.3,556.0,9.525349765361168e-05
1182,ma,2015,7,2.191380569758948e-05,453.48,271.0,5.7446789116652805e-05
1183,md,2015,7,1.1809721762955265e-05,788.36,313.0,2.5396429748809837e-05
1184,mi,2015,7,3.640361415081289e-05,574.27,485.0,6.090193632997648e-05
1185,mn,2015,7,3.462543931026125e-05,612.82,387.0,6.326441435543126e-05
1186,mo,2015,7,2.1206209178047333e-05,291.39,644.0,7.560856086148676e-05
1188,ne,2015,7,3.738597278301181e-05,26.26,143.0,9.183225906715122e-05
1189,nv,2015,7,3.695036334523956e-05,14.01,178.0,2.405077794808491e-05
1191,oh,2015,7,2.708632411495436e-05,277.14,416.0,6.191071344060753e-05
1192,ok,2015,7,1.9169574052064563e-05,160.09,221.0,3.659028844074708e-05
1193,pa,2015,7,1.7733745544396433e-05,1013.6899999999999,760.0,6.156954044657036e-05
1195,tn,2015,7,1.9620153822005963e-05,341.75,449.0,5.912600700215211e-05
1196,tx,2015,7,6.8418522946717366e-06,966.87,1257.0,2.8395080246258763e-05
1197,va,2015,7,1.2276114364281417e-05,1364.69,303.0,2.3100407024597436e-05
1198,az,2015,8,7.05703851378769e-05,29.0,468.0,3.94470202074947e-05
1199,ca,2015,8,1.579498114474126e-05,683.24,1407.0,2.327805933052864e-05
1200,co,2015,8,4.620538292711101e-05,606.7,506.0,4.730853250521586e-05
1201,ct,2015,8,4.158177055179009e-05,135.1,275.0,4.891244512245987e-05
1202,ga,2015,8,2.026650453463039e-05,1227.16,784.0,5.393290210400919e-05
1203,il,2015,8,2.5023929132232697e-05,979.39,12.0,4.0491840894059844e-05
1204,in,2015,8,2.399232245681382e-05,780.34,297.0,4.578532233560641e-05
1205,ks,2015,8,4.9686972075921695e-05,182.74,113.0,8.14203161702189e-05
1206,ky,2015,8,7.022965095863474e-05,258.3,519.0,0.00010130503923276755
1207,ma,2015,8,5.1227539925463926e-05,453.48,251.0,5.9089466631636735e-05
1208,md,2015,8,4.131804565644045e-05,788.36,312.0,2.103925419080702e-05
1209,mi,2015,8,3.7618969992601606e-05,574.27,507.0,5.842675083191857e-05
1213,oh,2015,8,9.925656830340749e-06,277.14,406.0,6.449517040783664e-05
1214,ok,2015,8,7.219695328857122e-05,160.09,230.0,3.676643959393865e-05
1215,or,2015,8,5.521811154058531e-05,64.18,129.0,5.998995517029707e-05
1216,pa,2015,8,1.0219410748776226e-05,1013.6899999999999,754.0,5.8120385200946606e-05
1219,tn,2015,8,1.7645709445748267e-05,341.75,466.0,6.0222466443421384e-05
1220,tx,2015,8,1.4942545910972311e-05,966.87,1243.0,2.7758877944615656e-05
1221,az,2015,9,4.1869033662703066e-05,29.0,506.0,3.5534935617157557e-05
1222,ca,2015,9,1.6076834406997925e-06,683.24,1397.0,2.523896530576311e-05
1223,ct,2015,9,3.455066855543655e-05,135.1,234.0,4.619450095922684e-05
1225,ga,2015,9,2.4987922504123007e-05,1227.16,798.0,5.687117865589031e-05
1226,ia,2015,9,4.6034157344749805e-05,33.56,140.0,6.340344244461936e-05
1227,id,2015,9,0.00010225994477962981,19.5,165.0,8.295354852656902e-05
1228,il,2015,9,1.0935654608284851e-05,979.39,11.0,3.711752081955486e-05
1229,in,2015,9,3.778718258766626e-05,780.34,324.0,4.920053683252411e-05
1230,ks,2015,9,7.809754383224647e-05,182.74,102.0,5.2632094948299284e-05
1231,la,2015,9,3.100390649221802e-05,49.4,401.0,5.299981602058877e-05
1232,ma,2015,9,2.16129764310492e-05,453.48,264.0,5.9002166094673444e-05
1233,md,2015,9,1.7384048397190737e-05,788.36,271.0,2.6295923258598572e-05
1234,mi,2015,9,2.0912845715480735e-05,574.27,459.0,5.775145284537256e-05
1235,mn,2015,9,2.4823751365306323e-05,612.82,298.0,5.163161088200306e-05
1236,mo,2015,9,3.065932886729109e-05,291.39,643.0,7.926994720966704e-05
1239,nv,2015,9,5.068509351399753e-05,14.01,163.0,2.1358382654162972e-05
1241,oh,2015,9,3.0345790280243374e-05,277.14,347.0,6.102880137323597e-05
1242,ok,2015,9,2.912819317817716e-05,160.09,201.0,3.0889573616308466e-05
1243,or,2015,9,4.379146504346303e-05,64.18,109.0,5.4151588678442896e-05
1244,pa,2015,9,3.3428325491605313e-05,1013.6899999999999,731.0,5.701713197118287e-05
1246,tn,2015,9,2.7747717750215044e-05,341.75,498.0,5.971548807518875e-05
1247,tx,2015,9,2.1812788110576295e-05,966.87,1105.0,2.5298253820654474e-05
1248,ut,2015,9,0.00010404203298132445,7.9799999999999995,322.0,6.363924375233583e-05
1249,va,2015,9,1.6972453707632512e-05,1364.69,342.0,2.394568614263143e-05
1250,ak,2015,10,0.00015092061575611228,9.01,43.0,3.60917502652324e-05
1251,al,2015,10,2.2944726154693344e-05,85.1,218.0,6.586819110235554e-05
1252,ar,2015,10,4.699910701696668e-05,93.05,107.0,6.858354469243485e-05
1253,ca,2015,10,2.0006775628012688e-05,683.24,1423.0,2.556398819845581e-05
1254,co,2015,10,2.9308323563892145e-05,606.7,459.0,4.45097167426839e-05
1257,ga,2015,10,2.0165355918531963e-05,1227.16,790.0,5.184557447816937e-05
1258,ia,2015,10,3.793626707132018e-05,33.56,185.0,7.690248432436387e-05
1259,il,2015,10,1.7815864136220098e-05,979.39,14.0,4.724048104306982e-05
1260,ky,2015,10,2.282583884957772e-05,258.3,521.0,9.177560248657275e-05
1261,ma,2015,10,1.825867058619462e-05,453.48,241.0,5.1281603884294234e-05
1262,mi,2015,10,3.478956660897397e-05,574.27,427.0,6.1611298502124e-05
1263,mn,2015,10,4.036082578249551e-05,612.82,294.0,6.075443367878635e-05
1264,ms,2015,10,4.467077637809345e-05,132.49,218.0,0.00012729280322693095
1267,oh,2015,10,2.5544415352193626e-05,277.14,382.0,6.289982346884623e-05
1268,ok,2015,10,2.3236360256529417e-05,160.09,162.0,2.603221760105723e-05
1269,pa,2015,10,6.833448363047445e-06,1013.6899999999999,695.0,6.381319756088514e-05
1271,tn,2015,10,1.1502979271631353e-05,341.75,391.0,4.59949297353927e-05
1272,tx,2015,10,3.154107732492238e-05,966.87,1158.0,2.5273616912772694e-05
1273,al,2015,11,2.618349392542941e-05,85.1,220.0,5.8411121902418376e-05
1274,az,2015,11,2.9236774014355257e-05,29.0,409.0,3.1836439474880896e-05
1275,ca,2015,11,1.1411747252621849e-05,683.24,1262.0,2.3225345720405227e-05
1277,ga,2015,11,7.9201020109139e-06,1227.16,688.0,5.110320150415737e-05
1278,il,2015,11,2.1316053119604375e-05,979.39,11.0,2.474501387970324e-05
1279,ks,2015,11,3.7524860219895683e-05,182.74,60.0,5.5747264203009236e-05
1280,la,2015,11,2.94989601616543e-05,49.4,358.0,5.5949826446138916e-05
1281,ma,2015,11,2.1224212581713218e-05,453.48,222.0,4.650747701965004e-05
1282,md,2015,11,1.697965836927361e-05,788.36,282.0,2.0565771671510075e-05
1283,mi,2015,11,1.991674799338764e-05,574.27,380.0,5.334213759351719e-05
1284,mn,2015,11,2.243208685704031e-05,612.82,265.0,5.308134184824826e-05
1286,nv,2015,11,1.7022145811701022e-05,14.01,144.0,1.9487136460026335e-05
1288,oh,2015,11,2.9641266571320593e-05,277.14,330.0,7.042928355704591e-05
1289,or,2015,11,2.1473512422426935e-05,64.18,124.0,5.461527721437421e-05
1290,tn,2015,11,2.7051153731706658e-05,341.75,383.0,5.37402739575334e-05
1291,tx,2015,11,2.108982860999283e-05,966.87,1030.0,2.289817028057595e-05
1292,al,2015,12,4.76462740613684e-05,85.1,205.0,7.43123300105451e-05
1293,ca,2015,12,1.7260842398152398e-05,683.24,1163.0,2.1810056536429875e-05
1294,ct,2015,12,7.058159232072275e-05,135.1,260.0,4.6243712189095517e-05
1297,ga,2015,12,8.596013169092175e-06,1227.16,651.0,5.498800315501059e-05
1298,ia,2015,12,5.2601125664089215e-05,33.56,144.0,7.801440340922943e-05
1299,id,2015,12,0.000216076058772688,19.5,172.0,9.593246354566385e-05
1300,il,2015,12,1.2242374530964026e-05,979.39,113.0,1.332163701462822e-05
1301,in,2015,12,2.146014850422765e-05,780.34,289.0,4.673522136080998e-05
1302,ky,2015,12,6.192142171584259e-05,258.3,507.0,9.436666381271103e-05
1303,la,2015,12,1.6329196603527108e-05,49.4,315.0,4.652147143131208e-05
1304,mi,2015,12,3.5077052592194186e-05,574.27,396.0,6.174993708055654e-05
1305,mn,2015,12,2.8942722352464474e-05,612.82,265.0,5.550836762458748e-05
1308,nv,2015,12,1.893222264293828e-05,14.01,135.0,1.7640025872037945e-05
1310,oh,2015,12,1.7270113205592062e-05,277.14,314.0,6.394315005950378e-05
1311,pa,2015,12,9.547997784864514e-06,1013.6899999999999,600.0,5.961386904740614e-05
1313,tx,2015,12,3.16876024895893e-05,966.87,1110.0,2.4060556649431793e-05
1314,va,2015,12,1.9005986885869048e-05,1364.69,321.0,2.29817001947717e-05
